index	#1 Label	#2 ImageID	#3 String	#3 String
173	0	O_4436.jpg	NYDailyNews : Jennifer Aniston ’ s estranged mom , $T$ , dies at 79	Nancy Dow
179	0	O_1678.jpg	$T$ rejects entire intelligence community in new defense of Russia	Donald Trump
378	0	O_2793.jpg	$T$ ’ s ascent watched with wariness in Asia	Donald Trump
1041	0	O_4207.jpg	Dead ass thought this was Edward Scissorhands RT @ SinnamonS : Another look at $T$ for the road # metgala	Taylor Swift
1352	0	17_06_3234.jpg	PHOTOS : Shooting at $T$ Congressional baseball practice	GOP
1593	0	16_05_21_480.jpg	@ $T$ they used horses to control a crowd at a football game ? Must be a new policing strategy .	MirrorFootball
1636	0	17_06_3537.jpg	Jerry West had a strained relationship with $T$ ' owners # clippers # lac # NBA	Warriors
1695	0	16_05_01_818.jpg	NBA : Spurs rout $T$ | Tempo Sports	Thunder
1776	0	O_4772.jpg	$T$ in 2007 : " I ' m excited " for the housing market crash .	Donald Trump
1939	0	O_4046.jpg	Judge Issues Restraining Order On $T$ For 5 Years After Karrueche Presents …	Chris Brown
2401	0	O_1841.jpg	$T$ Called Daryl Hannah “ A Six ” Who Needs A Bath During A 1993 Spat	Donald Trump
2642	0	O_239.jpg	WELP , $T$ went from " F * ck Cash Money " chants to straight up saying " F * ck Birdman " 😕	Lil Wayne
256	1	O_333.jpg	🎞 DUNKIRK | | Star Mark Rylance mentions co - star $T$ on his BAFTA speech . - Ka	Harry Styles
260	1	17_06_12654.jpg	Golden State Warriors enjoy NBA title trophy parade : $T$ , California was a sea o . .	Oakland
725	1	16_05_09_383.jpg	GAME DAY ! PLAYOFFS ! Baseball travels to $T$ for their 1 st RD matchup @ 4 : 30 # WeAreGilmour @ GilmourBaseball	Lutheran West
1166	1	O_3275.jpg	$T$ says he ' d consider withdrawing America from the UN	Donald Trump
1403	1	O_5068.jpg	Kevin Durant is the 1 st player to score 25 + Pts in 9 straight potential series - clinchers since $T$ in 1997 - 98 .	MJ
1671	1	O_4761.jpg	Amandla Stenberg rocking Calvin Klein at the # $T$ .	MetGala
1739	1	O_2025.jpg	# ChrisBrown # Actor Chris Brown , $T$ , Tyga 2015 Concert Tour T - Shirt	Trey Songz
2523	1	O_3498.jpg	$T$ and Leonardo DiCaprio bowling together , 1989 .	Tobey Maguire
2668	1	16_05_02_753.jpg	Leicester City vs . $T$ 2016 live stream : How to watch Premier League online …	West Ham
2872	1	O_1468.jpg	# CannesFestival2016 : Katy Perry , Orlando Bloom , Leonardo DiCaprio ; More at $T$ ’ s 23 rd …	amfAR
3156	1	17_06_14580.jpg	$T$ reveals three Premier League clubs that wanted him	Gianluigi Buffon
3301	1	17_06_5945.jpg	# $T$ | Borussia Dortmund home shirt from 1998 - 00, designed by # Nike # VintageFootball	BVB
351	2	16_05_01_568.jpg	Hundreds came out to $T$ for the annual Arbor Day Festival .	Dawes Arboretum
543	2	O_3055.jpg	$T$ is fast becoming Stephen Colbert ' s best recurring guest on " The Late Show "	Bernie Sanders
1101	2	O_1315.jpg	Ellen DeGeneres has signed $T$ to her network officially .	Tyler Oakley
1171	2	16_05_06_525.jpg	Thank you $T$ ! ! @ together . festival 🔥 🔥 🔥 next stop Tokyo ! ! @ Firebeatz	Bangkok
1338	2	17_06_3723.jpg	Just love sunflowers 🌻 so many happy memories of seeing @ $T$	thegirlsmusical
1843	2	16_05_11_593.jpg	$T$ only has a handful of weekend tickets left , so final chance to book ! More info :	SW4 Festival
1979	2	O_145.jpg	31 plays to celebrate $T$ ( @ CP3 ) ' s 31 st birthday :	Chris Paul
2077	2	O_1955.jpg	$T$ looks so dreamy driving his 1966 mercedes - benz convertible .	harry styles
2542	2	16_05_28_877.jpg	A beautifully intimate gig as usual at @ $T$ last night . Cheers to everyone that caught our set ! # HTLGI2016	HTLGIFestival
2758	2	16_05_25_575.jpg	After falling to the Tigers during the regular season , $T$ Baseball defeats …	Notre Dame
3238	2	16_05_12_1011.jpg	One of the best concerts ! So many surprise guests including a $T$ reunion 😱 too much fun w / @ TheGlowEdit	black eyed peas
3299	2	16_05_01_717.jpg	Congrats $T$ soccer team all district selections 8 players selected # mustangsoccer	John Jay
3	0	O_4091.jpg	$T$ and his crew were kicked off a plane after allegedly hot boxing it	Chris Brown
438	0	O_4877.jpg	Chris Paul and $T$ blaming each other after they choke in the 2 nd Round	James Harden
453	0	O_3260.jpg	Kylie Jenner , $T$ withdraws from the Home After Tyga Split , Gets Vulnerable : “ I …	Kris Jenner
454	0	O_3260.jpg	Kylie Jenner , Kris Jenner withdraws from the Home After $T$ Split , Gets Vulnerable : “ I …	Tyga
732	0	16_05_01_37.jpg	$T$ ain ' t a footballer anymore . . Proper tumblr chick now	Memphis Depay
1193	0	16_05_02_527.jpg	Protest grows against $T$ Day Parade	89 er
1611	0	O_2361.jpg	JUST IN : Pentagon officials Threaten To QUIT If $T$ Becomes Presiden	Donald Trump
2300	0	O_2011.jpg	Anti - $T$ sentiment seeps into US - Mexico soccer rivalry - USA TODAY	Donald Trump
2337	0	O_1853.jpg	$T$ ’ s voter fraud commission is itself an enormous fraud :	Donald Trump
2730	0	17_06_3241.jpg	RECALL ALERT : $T$ minivans recalled ; air bag can inflate unexpectedly -	Dodge
3309	0	O_1413.jpg	$T$ used Panama Papers firm to set up offshore company	Emma Watson
3420	0	17_06_8602.jpg	# Classic ! ! How many $T$ fans will I piss off with this one # FreewaySeries # AngelsBaseball # MLB # Baseball ⚾ ️ 🇺 🇸	Dodger
578	1	16_05_09_900.jpg	$T$ to quit as UEFA president as ban appeal fails	Platini
793	1	O_2856.jpg	David Beckham blows a kiss at a $T$ fan giving him abuse , 1999 .	Chelsea
934	1	16_05_22_634.jpg	New music on WHSN : @ CavemanBand " $T$ "	Never Going Back
968	1	17_06_7992.jpg	Sing along to your fav tunes at the $T$ 🎧 # LiveTheBeat	Music Festival
1316	1	17_06_1068.jpg	Thanks to our $T$ football players who helped relocate the Olmsted Falls food pantry tonight !	Bulldog
1423	1	16_05_17_673.jpg	The stunning colours and costumes of the Jidai Matsuri Festival in $T$ . A	Kyoto
1717	1	O_3594.jpg	Spotify playlist with The Louvin Brothers # $T$ and Carly Simon # carlysimon	thelouvinbrothers
2078	1	O_1955.jpg	harry styles looks so dreamy driving his 1966 $T$ convertible .	mercedes - benz
2454	1	O_1.jpg	Why does Ally from Fifth Harmony ' s knee look like $T$	Ed Sheeran
2602	1	16_05_01_204.jpg	premierleague : $T$ makes 8 changes to the LFC side that drew with Newcastle , wit …	Jurgen Klopp
2737	1	16_05_17_450.jpg	Nigerian Footballer , Fikayo Tomori , Wins $T$ Academy Player Of The Year	Chelsea
3206	1	17_06_3140.jpg	U . S . lawmaker $T$ in critical condition after attack by gunman at baseball field	Scalise
446	2	O_4950.jpg	Luke Bryan , $T$ dominate American Country Countdown . . .	Sam Hunt
573	2	16_05_15_746.jpg	My $T$ Tour concert was one year ago today . One of the best 😭	Future Hearts
833	2	O_2824.jpg	Survey : Barack Obama , $T$ and Bill Gates top list of most admired men in America	Pope Francis
921	2	17_06_14559.jpg	$T$ Was the Star of Last Night ' s NBA Finals Game	Rihanna
1346	2	16_05_30_853.jpg	we ' re greeted a total of 280,000 local fans in 27 concerts in four major Japanese cities for " $T$ " FM 🙏 ✨	Fantastic Baby
1609	2	O_2690.jpg	The National Rifle Association has endorsed Donald Trump for President ! # 2 A # $T$ # Trump2016 # TrumpTrain	NRA
1910	2	16_05_27_432.jpg	Not a day goes by that I don ' t miss Disney ' s $T$ at Tokyo Disneyland	Jubilation Parade
1942	2	17_06_676.jpg	Performing what is referred to many as a classic . @ ThePompi Sings $T$ at # TheLockDownConcert	Mizu
2113	2	O_1705.jpg	Miami Heat ’ s No . 1 Priority This Offseason Is Landing $T$ . REPORT :	Kevin Durant
2226	2	17_06_1058.jpg	See you there @ $T$ and later @ tuskafestival \ m /	HelsinkiPride
2423	2	16_05_01_658.jpg	# ICYMI here is the inside story into $T$ ' s triumphant return to @ CMUMavsFootball @ RussMartin13	Antonio Clark
2759	2	16_05_15_63.jpg	$T$ on Messi : I am “ the king ” of football and he is “ the prince ” of football	Pele
