index	#1 Label	#2 ImageID	#3 String	#3 String
27	0	O_1299.jpg	$T$ is crying and so am I ! 😭 # OneLoveManchester	Justin Bieber
267	0	16_05_31_836.jpg	Jealous Iniesta says $T$ will be disappointed not to have won La Liga	Real Madrid
331	0	O_3169.jpg	The Weeknd cancels " Jimmy Kimmel Live ! " performance because $T$ to appear on show	Donald Trump
388	0	17_01_13899.jpg	BREAKING : Some $T$ games set to be cancelled this . . . # Sport7	Premier League
397	0	O_1324.jpg	12 sure - fire ways to torpedo your campaign — unless you ' re $T$	Donald Trump
451	0	16_05_06_323.jpg	As Seattle stews about failed vote for $T$ arena , was there a team ready to move ?	NBA
465	0	16_05_22_512.jpg	Tb to the haters that where outside or the arena at $T$ ' s concert 😂	Justin
525	0	17_06_8977.jpg	NBA Free Agency 2017 : Kings won ’ t take $T$ “ for free ”	Ryan Anderson
527	0	O_4170.jpg	$T$ has upset a lot of people by saying she has an " Oakland booty "	Blake Lively
621	0	O_4752.jpg	Elizabeth Warren : $T$ " built his campaign on racism "	Donald Trump
738	0	17_06_5413.jpg	NBA : $T$ vows more aggressive play after finals struggles -	Curry
745	0	O_1961.jpg	Johnny Depp apologizes for $T$ assassination joke	Donald Trump
781	0	O_869.jpg	Young man yells " Go back to Mexico " as these folks yell " Fuck $T$ . "	Donald Trump
797	0	16_05_31_512.jpg	$T$ Fan For Filming Her During Concert -	Adele Slams
837	0	16_05_21_234.jpg	$T$ are an embarrassment . They caused riots , trashed Manchester and attacked police at Uefa cup final .	Rangers
924	0	O_1571.jpg	Sen . John McCain is worried that $T$ may hurt his re - election prospects	Trump
1039	0	O_4207.jpg	Dead ass thought this was $T$ RT @ SinnamonS : Another look at Taylor Swift for the road # metgala	Edward Scissorhands
1044	0	O_3749.jpg	my sister posted my number on Justin Biebers $T$ cool	Instagram
1157	0	O_4923.jpg	Donald Trump posts a video that intercuts Hillary Clinton laughing while # $T$ burns	Benghazi
1185	0	O_2561.jpg	Megyn Kelly Hits Back at Jokes About Handling $T$ . . .	Donald Trump
1216	0	O_1408.jpg	LOL - Why @ theniceguys producer is " Ripping " into $T$ And Russell Crowe	Ryan Gosling
1217	0	O_1408.jpg	LOL - Why @ theniceguys producer is " Ripping " into Ryan Gosling And $T$	Russell Crowe
1219	0	O_1766.jpg	HBO ' s $T$ is facing backlash after using racial epithet	bill Maher
1314	0	O_1451.jpg	Every Harry Potter film encapsulated into some awful $T$ Paint drawings	Microsoft
1315	0	O_3080.jpg	BREAKING : $T$ ' s cabinet if elected has now been confirmed . ( not my content )	Donald Trump
1318	0	O_3842.jpg	Climate change - denier $T$ is worried rising seas could ruin his golf course	Donald Trump
1392	0	O_75.jpg	$T$ Accuser Sues Again , Claiming Hugh Hefner Conspired In Assault	Cosby
1513	0	16_05_22_128.jpg	The football gods treating the $T$ like	Detroit Lions
1578	0	O_4480.jpg	Never forget that Kevin Love is 6 ' 10 " and $T$ is 6 ' 9 "	Kevin Durant
1597	0	16_05_12_1184.jpg	$T$ Is Not Actually Returning to NFL . . .	Jason Campbell
1635	0	17_06_3537.jpg	$T$ had a strained relationship with Warriors ' owners # clippers # lac # NBA	Jerry West
1690	0	O_279.jpg	My mate was on a flight with $T$ last night	Harry Redknapp
1831	0	O_2710.jpg	Still believe the best explanation of $T$ ' s rise comes not from any pundit , but Donald Trump himself .	Donald Trump
1832	0	O_2710.jpg	Still believe the best explanation of Donald Trump ' s rise comes not from any pundit , but $T$ himself .	Donald Trump
1892	0	O_3728.jpg	$T$ : " it would be a big opportunity missed "	Sergio Ramos
1902	0	O_1519.jpg	Report : Chris Paul hated $T$ and Doc Rivers	Austin
1916	0	O_2922.jpg	Donald Trump ’ s $T$ Star Vandalized During L . A . Pride	Hollywood Walk of Fame
2021	0	O_5.jpg	1 gang boss dead , 2 agents shot , as FBI busts $T$	Black P - Stone Nation
2035	0	O_2451.jpg	$T$ broke history and global records from left and right but he only won 2 awards	Justin Bieber
2060	0	O_1134.jpg	Stephen Hawking was asked if he could explain $T$ ' s rise . His response ? " I can ' t . "	Donald Trump
2100	0	O_3667.jpg	So $T$ donated her penis to Donald Trump ?	Hilary Clinton
2130	0	O_2496.jpg	IF YOU THINK $T$ IS STILL A GOOD PRESIDENT . . . . . YOU ' RE EXACTLY WHAT ' S WRONG WITH THIS COUNTRY !	BARACK OBAMA
2312	0	17_06_2217.jpg	I know Klay is guarding you , but $T$ , you ' ve gotta be better ! # NBAFinals # DefendtheLand # DubNation	Kyrie
2317	0	O_2392.jpg	Kevin Durant reportedly told Raptors reps in 2014 he wouldn ' t sign with $T$ .	Toronto
2323	0	O_1582.jpg	One thing we know , $T$ ' s new single / album has something to do with TIME . # TS6	Taylor Swift
2413	0	17_06_14514.jpg	Sharks take a 4 - 0 lead over @ $T$ after 3 complete nice night for baseball	SeacoastMavs
2850	0	O_2009.jpg	$T$ looks like a man . . . A oddly attractive man	Michelle Obama
2889	0	O_2467.jpg	Louis Vuitton x $T$ skate set that will be $ 54,500 retail 😳	Supreme
3004	0	16_05_05_902.jpg	Pearce powers Rays to finale win over $T$ # baseball	Dodgers
3086	0	16_05_06_24.jpg	$T$ baseball team shut out by Vanden	Vallejo High
3093	0	O_396.jpg	CNN . All oppose Republicans and Donald Trump . @ $T$ is a nasty man .	BrianStelter
3113	0	17_06_8244.jpg	Lions : OT $T$ ( torn labrum ) will miss 4 to 6 months - NFL Network ( ESPN )	Taylor Decker
3188	0	O_457.jpg	Obama poked fun at $T$ , among others , during the White House Correspondents ' Dinner	Donald Trump
3253	0	O_549.jpg	My column on what $T$ doesn ' t understand about women :	Donald Trump
3368	0	O_3223.jpg	“ He almost bankrupted us , ” says one retired businessman of $T$	Donald Trump
3417	0	O_204.jpg	A $T$ presidency won ’ t slow Fiera Capital ’ s U . S . expansion : CEO	Donald Trump
3430	0	O_2853.jpg	I thought my house was being burgled but NOPE it ' s just $T$ ' s one direction obsession scaring me half to death	Madison
3459	0	17_06_6265.jpg	Hughesy calls for $T$ soccer team ban from Australia – move disgusting and disrespectful	Saudi
3478	0	16_05_10_533.jpg	Punter shouldn ' t be something $T$ fans talk about , finally # nfl	Jaguars
3487	0	16_05_22_814.jpg	The first concert I had ever been to was a $T$ concert . The crowd was moshing so he abandoned us mid set .	Morrissey
20	1	16_05_19_634.jpg	Today is the final day of the $T$ Showcasing @ ReelAbilitiesTO !	Toronto Film Festival
35	1	O_4818.jpg	Any team planning on signing Kevin Durant needs to include an " Apologize to $T$ " clause in the contract	Lil B
144	1	O_658.jpg	$T$ was born # OTD in 1819 . She planted a tree at Waddesdon in May 1890 captured in this illustration .	Queen Victoria
156	1	17_06_5268.jpg	2017 $T$ Draft Decisions : Analyzing the Washington Wizards	NBA
266	1	16_05_31_836.jpg	Jealous $T$ says Real Madrid will be disappointed not to have won La Liga	Iniesta
414	1	16_05_02_80.jpg	In other fashion news . . . $T$ tonight . ( via @ NBAcom ) # NBAStyle # OKCThunder	Russell Westbrook
423	1	16_05_23_511.jpg	Dallas Cowboys quarterback depth voted one of $T$ ’ s worst	NFL
461	1	16_05_09_331.jpg	@ Wale can you stop by our free football camp in $T$ June 11 kids would love it	DC
483	1	16_05_28_263.jpg	Real wins 11 th European title . ⬆ ️ Best team in $T$ # uefachampionsleague # Cristiano # HalaMadridYNadaMas	Europe
538	1	O_3224.jpg	$T$ ' s Jennifer Lawrence Reveals Why Fox Should Be Terrified	X - MEN : APOCALYPSE
539	1	O_3224.jpg	X - MEN : APOCALYPSE ' s $T$ Reveals Why Fox Should Be Terrified	Jennifer Lawrence
654	1	16_05_01_143.jpg	That boy Fellaini , what a talent . . in $T$ maybe . . dirty elbowing shithouse of a footballer though	MMA
743	1	O_2766.jpg	James Brown teaching $T$ how to dance , 1967 .	Johnny Carson
1082	1	16_05_24_749.jpg	$T$ : Byron Bell to miss entire 2016 season :	NFL
1133	1	17_06_2338.jpg	Thanks to my big bro @ Tim_has_a_cape for taking me to my first concert to see @ $T$ ❤ 💜 💛 💙 💚	dietcig
1191	1	16_05_08_1064.jpg	Congratulations to Gen . Lori Robinson for being named to @ $T$ ' s 100 Most Influential People	TIME
1218	1	O_1766.jpg	$T$ ' s bill Maher is facing backlash after using racial epithet	HBO
1275	1	17_06_2184.jpg	The NBA Finals : Durant , Curry lead $T$ to Game 2 win over Cavs	Warriors
1344	1	O_3924.jpg	here ' s $T$ without hair or a tan	Donald Trump
1361	1	17_06_4754.jpg	Watch San Francisco ' Hamilton ' Cast ' s National Anthem at $T$ Finals	NBA
1372	1	O_3907.jpg	# Ad : ( Lot of 19 ) Nintendo Wii Video Games Collection $T$ ( 3595 )	Mario Kart
1382	1	O_3896.jpg	RT $T$ : As Justin Trudeau visits # FortMcMurray , bbcnews gets access to the cordoned off town to see th …	ChrisGibsonNews
1407	1	16_05_20_411.jpg	LeBron James led the way last night with an impressive triple - double . Cavs lead series 2 - 0 . ( via @ ESPNNBA ) # $T$ # DFS	NBA
1448	1	O_2649.jpg	President Barack Obama ' s statement following Trump ' s withdrawal from the $T$ Climate Accord .	Paris
1539	1	O_2635.jpg	Kevin Durant had 17 of his 41 points in the 4 th quarter , outscoring the entire $T$ team .	Spurs
1542	1	17_06_2630.jpg	$T$ v Chelsea football programme 25 / 11 / 09	FC Porto
1584	1	O_1795.jpg	K - pop boyband BTS scores own $T$ emoji and ( accidental ) love from Justin Timberlake	Twitter
1596	1	17_06_1236.jpg	Liverpool Football Club trying to buy Virgil van Dijk from $T$ . . .	Southampton
1719	1	O_3594.jpg	Spotify playlist with The Louvin Brothers # thelouvinbrothers and Carly Simon # $T$	carlysimon
1770	1	16_05_18_422.jpg	We ' re looking forward to $T$ ' s Big Nature Festival this coming weekend !	Scotland
1981	1	16_05_07_736.jpg	$T$ - New Article - Baseball : Vikings advance with 8 - 5 win over Dickinson -	NSAA
2036	1	O_1752.jpg	$T$ calls for higher capital gains taxes	Bill Gates
2064	1	16_05_02_539.jpg	Fancy a trip to # $T$ # Darton # Mapplewell this weekend . Come to a # concert better than # football	Barnsley
2118	1	17_06_7552.jpg	Sheyi Ojo reportedly drawing loan interest from 2 $T$ clubs	Premier League
2213	1	O_4347.jpg	Shah Rukh Khan sets up a date with $T$ director Paul . . .	Hollywood
2281	1	17_06_6641.jpg	$T$ Speaks Out Against Inequality During Concert	XXXTENTACION
2311	1	17_06_2217.jpg	I know $T$ is guarding you , but Kyrie , you ' ve gotta be better ! # NBAFinals # DefendtheLand # DubNation	Klay
2327	1	16_05_09_299.jpg	Kings Hire Coach Dave Joerger 2 Days After Firing in Memphis # $T$	nba
2375	1	O_511.jpg	$T$ ' s new son looks like he just dunked on 2 other babies	Russell Westbrook
2437	1	16_05_23_1034.jpg	SEE VIDEO ! Lady Gaga - $T$ 2009 . . .	Glastonbury Festival
2471	1	17_01_4096.jpg	GAME STORY : @ ShipURaiders women ' s basketball extends streak to eight , beats @ $T$ -	ESUWarriors
2533	1	16_05_16_1074.jpg	Thousands have gathered to celebrate Leicester ' s # $T$ title win .	PremierLeague
2585	1	16_05_01_293.jpg	Swansea thrash Liverpool to guarantee their place in the $T$ next season .	Premier League
2615	1	17_06_14389.jpg	sportspoliticen : $T$ : HAPPY BIRTHDAY to Seahawks running back Lil_Eazy_Ana_42 ! 🎉 🎉 🎉	NFL
2719	1	16_05_26_43.jpg	Thank You Adam Fish for helping out at the @ $T$ 5 - 6 Grade Choir Concert tonight ! # ArtsAthleticsAcademics	GrandviewMS
2747	1	17_06_9148.jpg	Trudeau to appear at Sunday ' s Pride parade in $T$ -	Toronto
2802	1	16_05_05_867.jpg	OH what a wonderful day for some @ Orioles baseball ! Meet us in $T$ for an awesome O ' s Night !	BMORE
2858	1	16_05_20_695.jpg	Meeting @ sebastianbach after his show at @ $T$ Very Cool Experience # mothertrucker	TLAPhilly
2859	1	O_3300.jpg	$T$ needed just 3 tweets to shame Donald Trump :	Queen Cersei
2964	1	O_3320.jpg	( Liverpool Echo ) : First look inside # Klopp ' s # Boot Room new bar in $T$ : New bottle . .	Anfield
3016	1	16_05_24_652.jpg	NBATV : . Warriors coach $T$ takes the podium following a Game 4 loss . . . …	Steve Kerr
3019	1	17_06_15563.jpg	Varun Dhawan and others grace the launch of the ‘ $T$ ’	India Alive Short Film Festival
3026	1	17_06_16007.jpg	Check Out Eric Prydz ’ $T$ Set in Full	Sonar Festival
3070	1	17_01_4771.jpg	# HuntingGreatness # fishing Pro Football Writers of $T$ awarded Raiders defensive end K …	America
3225	1	O_475.jpg	Sergio Ramos almost got DECAPITATED during $T$ ' s victory parade # RMCF # uclfinal	Real Madrid
3282	1	17_06_14708.jpg	Rihanna steals the spotlight from Cavs , Warriors during $T$ Finals	NBA
3360	1	17_06_4697.jpg	NBA Finals : Cavaliers season ends with Game 5 loss to Warriors # Cavaliers # $T$	NBA
3369	1	O_3437.jpg	$T$ feared pal Demi Lovato would suffer drug death	Nick Jonas
3454	1	O_1844.jpg	$T$ would be proud of Justin Bieber ' s deeply unbuttoned after - party shirt , tbh :	Harry Styles
3474	1	17_06_7587.jpg	3 rd set at the House and Garden Festival in the @ $T$ ! !	MosimannsLTD restaurant
28	2	16_05_31_755.jpg	Ssturday night $T$ concert was awesome !	Cure
141	2	16_05_01_117.jpg	The only final I care about is the score of this game . @ $T$ # GoFrogs	TCU_Baseball
149	2	O_4199.jpg	I guess Kevin Durant , Terrance Jones , $T$ , Kobe , Duncan are Jesus Christ	Carmelo
289	2	17_06_6187.jpg	Great 1 st week @ $T$ 2017 ! ! # basketball @ Singletary26_2	CampMVP
306	2	17_06_12642.jpg	It ' s @ LAFilmFestival time in beautiful $T$ ! # LAFF	Culver City
348	2	O_4455.jpg	Kendrick Lamar celebrates $T$ , 2 Chainz and Nipsey Hussle : " RAP RUN IT 4 EVER ! ”	Jay - Z
467	2	O_3382.jpg	$T$ ' s college advice to her daughters is really simple and really good :	Michelle Obama
543	2	O_3055.jpg	$T$ is fast becoming Stephen Colbert ' s best recurring guest on " The Late Show "	Bernie Sanders
544	2	O_3055.jpg	Bernie Sanders is fast becoming $T$ ' s best recurring guest on " The Late Show "	Stephen Colbert
601	2	O_2113.jpg	Donald Trump says new London mayor $T$ is exempt from Muslim US ban	Sadiq Khan
603	2	17_06_8458.jpg	$T$ Catwalk show at the Alternative Fashion Festival in Manche . . .	Nicky Rockets
653	2	16_05_01_143.jpg	That boy $T$ , what a talent . . in MMA maybe . . dirty elbowing shithouse of a footballer though	Fellaini
695	2	O_1203.jpg	Inside Ben Affleck and $T$ ' s family trip to Paris	Jennifer Garner
740	2	16_05_30_431.jpg	R . I . $T$ parades , ceremonies - The Providence Journal	Memorial Day
771	2	16_05_02_346.jpg	@ dalton_kirk15 10 Year NFL QB $T$ is going to be there and we want you too , Dalton !	Anthony Wright
818	2	O_1202.jpg	$T$ ; Kate Winslet ♥ 1998 ; 2016	Leonardo Dicaprio
845	2	17_06_13129.jpg	$T$ Wearing Shoes Made Out Of Basketballs For NBA Draft	Markelle Fultz
884	2	16_05_24_356.jpg	Did you know that @ $T$ is ROCKING on Sep 28 in Sacramento ? Don ' t miss this concert !	OfficialEATB
954	2	16_05_04_36.jpg	$T$ Warriors overwhelm TrailBlazers 110 - 99 go up 2 - 0 in series # NBAPlayoffs	Klay Thompson
983	2	O_2851.jpg	Best Songs of the Week Featuring $T$ , Lil Wayne and More	Vince Staples
1006	2	16_05_07_633.jpg	For the love of the game : The women of the @ $T$ prepare for basketball season - -	KCMajestics
1092	2	17_06_15583.jpg	‘ Our Ambition Is To Win The Premier League and $T$ Is The Best Person To Help Us ’ …	Arsène
1183	2	O_1231.jpg	It ’ s always wrong to hate , but it ’ s never wrong to love - $T$ . # LoveIsLove # Pride2017	Lady Gaga
1190	2	16_05_08_1064.jpg	Congratulations to Gen . $T$ for being named to @ TIME ' s 100 Most Influential People	Lori Robinson
1289	2	17_06_9939.jpg	$T$ , Head Coach Ryan Warsofsky Agree to Multi - Year Extension # capitals # NHL	Stingrays
1297	2	16_05_20_957.jpg	. @ $T$ will be having a private concert at the Trianon in Paris , June 8 ! Curated by @ HP_France . # HPLounge	ArianaGrande
1320	2	16_05_01_191.jpg	The German $T$ . . . how Kaiserslautern shocked the Bundesliga in 1998	Leicester
1425	2	17_06_564.jpg	Jimmy Butler reportedly recruiting $T$ to Timberwolves # raptors # NBA	Kyle Lowry
1429	2	O_2323.jpg	$T$ and BAPE tap Mario Balotelli to model upcoming collaboration :	Puma
1583	2	O_1795.jpg	K - pop boyband $T$ scores own Twitter emoji and ( accidental ) love from Justin Timberlake	BTS
1670	2	O_4761.jpg	Amandla Stenberg rocking $T$ at the # MetGala .	Calvin Klein
1747	2	O_3024.jpg	$T$ at the age of 14 got me like	Kim Kardashian
1752	2	O_4492.jpg	On the carpet with $T$ ( @ SJP ) in a stellar # ManusxMachina look . # MetGala # SarahJessicaParker	Sarah Jessica Parker
1809	2	16_05_21_410.jpg	A Beautiful Evening in $T$ ( Leo Hattenbach )	NYC
1877	2	O_4743.jpg	New VR project heads to $T$ ' s World War II hideaway	Anne Frank
1966	2	O_3189.jpg	Throwback to ' First Year Hermione ' painting from 2015, for $T$ ' s 20 th anniversary !	Harry Potter
2084	2	16_05_17_798.jpg	$T$ signs to play football at MSU - Northern # mtscores	Bodis Duran
2221	2	O_244.jpg	$T$ becomes first defender to score in two Champions League finals	Sergio Ramos
2233	2	17_01_6135.jpg	Rams hire $T$ , making him youngest head coach in NFL history # nfl	Sean McVay
2249	2	17_01_19144.jpg	Boys basketball : Geiger , $T$ deliver big for Burlington	Damon
2280	2	O_59.jpg	Diplo says Major Lazer ; $T$ collab is " happening "	Justin Bieber
2282	2	16_05_12_1030.jpg	$T$ is “ the best basketball player that ever played in Germany ”	Bradley Wanamaker
2405	2	O_4881.jpg	Robert Downey Jr . and $T$ photoshoot has my heart racing	Chris Evans
2490	2	17_06_4831.jpg	The @ $T$ Festival 2017 celebrates art , music , food , and wines in Hermanus !	HermanusFynArts
2626	2	16_05_27_605.jpg	2 Tickets for $T$ Revival Concert in Charlotte , NC . . . -	Selena Gomez
2648	2	17_06_9315.jpg	CONCERT DAY STOP NUMBER TWO : THE THURMAN CAFE ft @ $T$	Awsomtisity
2739	2	O_503.jpg	Barack and $T$ wedding photo , October 3, 1992 .	Michelle Obama
2758	2	16_05_25_575.jpg	After falling to the Tigers during the regular season , $T$ Baseball defeats …	Notre Dame
2778	2	O_1909.jpg	$T$ ' by One Direction is now certified PLATINUM in the UK . Congratulations , @ onedirection !	Perfect
2876	2	17_06_1975.jpg	$T$ live in Isolo # UniversalLoveConcert with Righteousman @ iamrighteousman @ official2baba	2 Baba
2932	2	O_3701.jpg	The best actor of $T$ and the cursed child . I love you ❤ ️ . I want to meet you @ Theo_Ancient	Harry Potter
2935	2	17_06_1242.jpg	Hear @ Rangers baseball tonight at 7 : 05 on $T$ !	The Zone
3010	2	O_3211.jpg	$T$ ’ s fast food hankerin ’ revives a nostalgic Ronald Reagan photo – who remembers …	Donald Trump
3136	2	O_87.jpg	Tom Brady , $T$ , Ellen Page and Hillary Clinton . Curious ? Of course you are ! WATCH :	Brad Pitt
3141	2	O_3303.jpg	$T$ will dress like Lizzy McGuire then drop a triple double on your whole squad . Dude insane	Russell Westbrook
3233	2	16_05_29_61.jpg	$T$ 3 - 0 Norway : No Ronaldo , no problem for dominant hosts # soccer	Portugal
3265	2	17_06_420.jpg	🔴 LIVE @ $T$ on # YouNow	julianbarbozaa
3328	2	O_3412.jpg	$T$ swept again after bullpen soils dazzling start from Justin Verlander	Tigers
3499	2	17_06_3037.jpg	Great to see so many at today ' s bipartisan # $T$ !	CongressionalBaseballGame
3553	2	16_05_02_38.jpg	Check out the photos from my # Travel and # $T$ in # Chicago :	Language Festival
