index	#1 Label	#2 ImageID	#3 String	#3 String
400	negative	400.jpg	Oh no! massive white out on I 90 Indiana near OH border. 90 shutdown. EMS arriving.	
589	negative	589.jpg	I think I'm just done trying.. I think I need to start facing a reality of loneliness and no color left.	
597	negative	597.jpg	The attacker was shouting "I am your god, I am your Islam as he stabbed the man to death.	
943	negative	943.jpg	WE DONT WANT 2 KNOW YOR GOD SAYS U GET MORE PAY YOR SPECIAL WE HAV OUR OWN SAYS WHERE ALL	
1913	negative	1913.jpg	LSW 570-648 6PLY BLEMISHED TURF TIRE	
2075	negative	2075.jpg	Game day v Park losing Hedley in the warm up and trudges off dejected	
2712	negative	2712.jpg	BOO is SO disorganized!	
3164	negative	3164.jpg	Stuck in Love	
3512	negative	3512.jpg	have offer rejected from for Maksimovic but are close to snap up keeper Gabriel.	
4474	negative	4474.jpg	Why do you get distressed so much? Take the quiz:	
5089	negative	5089.jpg	This is poor taste Any approach people choose to stop smoking should be supported not ridiculed http:/	
5116	negative	5116.jpg	Woman Announces Pregnancy On Facebook, But Her Lover Shocked Everyone..<<<	
1180	neutral	1180.jpg	Officer testifies in trial for excessive force against schizophrenic ...	
1579	neutral	1579.jpg	nanggahot. Haha. :P	
1649	neutral	1649.jpg	30 to an organized home: Stay-at-home & Work-at-home	
2319	neutral	2319.jpg	We attached a leader swivel	
2439	neutral	2439.jpg	Hot 2x17 CM Ice Blue DRL Fog Driving Lamp Waterproof Bright COB LED Light Ds-J - Full rea	
2459	neutral	2459.jpg	My musical obsession today. "Bird With a Broken Wing" by Owl City ?	
2804	neutral	2804.jpg	?a flock of rather energetic neighbor visiting berry-laden trees at this morning ...	
2833	neutral	2833.jpg	I would've quit my job ?	
3267	neutral	3267.jpg	Walk Lively Barbie Doll Original Outfit ~ Vintage Mod	
3920	neutral	3920.jpg	A million kids in the UK are going to get this tiny computer	
4450	neutral	4450.jpg	Check out Women's via	
4932	neutral	4932.jpg	Be judged by the World...than by God!	
298	positive	298.jpg	Extremely Happy with my progress didn't think my could get any bigger	
501	positive	501.jpg	I love the Dallas Stars for, according to Brad Lukowich, the most passionate fanbase in hockey!	
523	positive	523.jpg	on rejected flags (Images via globalnews1	
1318	positive	1318.jpg	Mohon jgn jeles! Selfie with	
1326	positive	1326.jpg	and by LorraineB -	
2042	positive	2042.jpg	Reader comment: 'I like these but I wonder if they might get crushed out of shape eventually"	
2357	positive	2357.jpg	when you grounded but your mom feeling nice so she letting you go out	
3146	positive	3146.jpg	13 reasons why we love women in the military -	
3148	positive	3148.jpg	our gin festival is in the planning... Excited muchly!	
3607	positive	3607.jpg	Mexican Weekend Villa with Minimalistic Decorated Small Garden	
4021	positive	4021.jpg	Me when I'm adoring myself be like	
4407	positive	4407.jpg	According to John 10:10, Jesus came so you could have life, and have it more abundantly!	
