index	#1 Label	#2 ImageID	#3 String	#3 String
248	negative	248.jpg	POST MATCH: Dean Smith furious after penalty debacle	
250	negative	250.jpg	A first: When when your 2-liter falls through the bag= 20 ft rocket launch, & huge puddle of pop.	
1520	negative	1520.jpg	Reranging my bookcase again before i buy and other great new releases.	
2158	negative	2158.jpg	3 New Tips to Handling Your Anger	
2334	negative	2334.jpg	"Carlsberg don't do awkward plane rides, but if they did..."	
2585	negative	2585.jpg	I just defeated EGE in a duel!	
3224	negative	3224.jpg	I swear niggas is Suckas ??? catch me lacking and they look down tilt they hat down and act like I don't exist	
3513	negative	3513.jpg	When you get rejected by Justin Bieber	
4596	negative	4596.jpg	Jailed Monster Kingpin Character http:/	
4826	negative	4826.jpg	A helpless woman never expected this from the man?its rea...	
4884	negative	4884.jpg	... next week infuriated be like	
5112	negative	5112.jpg	Mom Expected Normal Twins, But When the Doctors See This, She's SHOCKED...	
26	neutral	26.jpg	Waxwing trills, Chickadees calling "here sweetie", enthusiastic athletes, blue sky & snow at	
511	neutral	511.jpg	2 things a Stormtrooper is powerless against in armor, low hanging objects & this http	
516	neutral	516.jpg	Look at all the people who get more money than us.	
648	neutral	648.jpg	Thrilled that is sponsoring the upcoming Awards on March 1 at	
1089	neutral	1089.jpg	We me to be in the of and I it	
2005	neutral	2005.jpg	Outlaw Column on not getting the Chocolate Thing	
2095	neutral	2095.jpg	NEW White Sunlight Jr. Therapeutic SAD Light Therapy Box Depression	
2720	neutral	2720.jpg	Why are you feeling dispirited? Take the quiz:	
2784	neutral	2784.jpg	DELICIA BEAUTY : MOEN ELEVATED ELONGATED TOILET SEAT Home Care Bathroom Safety Elder	
3807	neutral	3807.jpg	Turned hot tub into a foam party??	
4091	neutral	4091.jpg	Cars HERE > 20pc Set Red Black Auto Car Seat Covers Wheel Cover + Head Rests +	
4654	neutral	4654.jpg	New study suggests evidence for serotonergic dissociation between anxiety and fear	
584	positive	584.jpg	Wow, I'm speechless; my game got the "Most Marketable" jury award at Thanks to everyone who participated!	
806	positive	806.jpg	We are Hiring! *Do you *Are you	
1109	positive	1109.jpg	MAJOR Restyle by me using Illumina ?	
1164	positive	1164.jpg	Amazing Sushi enjoyed world wide see more @ |	
1944	positive	1944.jpg	me if my school burned down	
2084	positive	2084.jpg	Very much appreciate preaching this morning at Central and the challenge to be ?	
2943	positive	2943.jpg	Why do you get flustered so much? Take the quiz:	
3104	positive	3104.jpg	A love letter to the N64's imperfect 'GoldenEye 007' and vaporuous, meaningless nostalgia.	
3269	positive	3269.jpg	S Club 7 has a strange effect on some people. They get very lively.	
3651	positive	3651.jpg	AMAZING SPARKLING RED BARYTE SPECIMEN ON CREATIVE CUSTOM MADE DISPLAY STAND	
3821	positive	3821.jpg	Hey look what we're up to!!!!	
4432	positive	4432.jpg	Why are you feeling dismal? Take the quiz:	
400	negative	400.jpg	Oh no! massive white out on I 90 Indiana near OH border. 90 shutdown. EMS arriving.	
589	negative	589.jpg	I think I'm just done trying.. I think I need to start facing a reality of loneliness and no color left.	
597	negative	597.jpg	The attacker was shouting "I am your god, I am your Islam as he stabbed the man to death.	
943	negative	943.jpg	WE DONT WANT 2 KNOW YOR GOD SAYS U GET MORE PAY YOR SPECIAL WE HAV OUR OWN SAYS WHERE ALL	
1913	negative	1913.jpg	LSW 570-648 6PLY BLEMISHED TURF TIRE	
2075	negative	2075.jpg	Game day v Park losing Hedley in the warm up and trudges off dejected	
2712	negative	2712.jpg	BOO is SO disorganized!	
3164	negative	3164.jpg	Stuck in Love	
3512	negative	3512.jpg	have offer rejected from for Maksimovic but are close to snap up keeper Gabriel.	
4474	negative	4474.jpg	Why do you get distressed so much? Take the quiz:	
5089	negative	5089.jpg	This is poor taste Any approach people choose to stop smoking should be supported not ridiculed http:/	
5116	negative	5116.jpg	Woman Announces Pregnancy On Facebook, But Her Lover Shocked Everyone..<<<	
1180	neutral	1180.jpg	Officer testifies in trial for excessive force against schizophrenic ...	
1579	neutral	1579.jpg	nanggahot. Haha. :P	
1649	neutral	1649.jpg	30 to an organized home: Stay-at-home & Work-at-home	
2319	neutral	2319.jpg	We attached a leader swivel	
2439	neutral	2439.jpg	Hot 2x17 CM Ice Blue DRL Fog Driving Lamp Waterproof Bright COB LED Light Ds-J - Full rea	
2459	neutral	2459.jpg	My musical obsession today. "Bird With a Broken Wing" by Owl City ?	
2804	neutral	2804.jpg	?a flock of rather energetic neighbor visiting berry-laden trees at this morning ...	
2833	neutral	2833.jpg	I would've quit my job ?	
3267	neutral	3267.jpg	Walk Lively Barbie Doll Original Outfit ~ Vintage Mod	
3920	neutral	3920.jpg	A million kids in the UK are going to get this tiny computer	
4450	neutral	4450.jpg	Check out Women's via	
4932	neutral	4932.jpg	Be judged by the World...than by God!	
298	positive	298.jpg	Extremely Happy with my progress didn't think my could get any bigger	
501	positive	501.jpg	I love the Dallas Stars for, according to Brad Lukowich, the most passionate fanbase in hockey!	
523	positive	523.jpg	on rejected flags (Images via globalnews1	
1318	positive	1318.jpg	Mohon jgn jeles! Selfie with	
1326	positive	1326.jpg	and by LorraineB -	
2042	positive	2042.jpg	Reader comment: 'I like these but I wonder if they might get crushed out of shape eventually"	
2357	positive	2357.jpg	when you grounded but your mom feeling nice so she letting you go out	
3146	positive	3146.jpg	13 reasons why we love women in the military -	
3148	positive	3148.jpg	our gin festival is in the planning... Excited muchly!	
3607	positive	3607.jpg	Mexican Weekend Villa with Minimalistic Decorated Small Garden	
4021	positive	4021.jpg	Me when I'm adoring myself be like	
4407	positive	4407.jpg	According to John 10:10, Jesus came so you could have life, and have it more abundantly!	
