index	#1 Label	#2 ImageID	#3 String	#3 String
22	negative	22.jpg	Enraged by this? Then spread awareness! Loyalty...betrayed...	
248	negative	248.jpg	POST MATCH: Dean Smith furious after penalty debacle	
250	negative	250.jpg	A first: When when your 2-liter falls through the bag= 20 ft rocket launch, & huge puddle of pop.	
385	negative	385.jpg	Shocker pics: dragged for refusing Update	
389	negative	389.jpg	Ready for my first full week of training w/the premier team!	
400	negative	400.jpg	Oh no! massive white out on I 90 Indiana near OH border. 90 shutdown. EMS arriving.	
452	negative	452.jpg	Also at Clyfford Still Musuem, astounding earlyish work whose data I neglected to record.	
543	negative	543.jpg	'Scorned love' turned Hector Berlioz into a madman via	
559	negative	559.jpg	We were at a stoplight and these guys shook hands for over 45 seconds without breaking their grip Oh gosh I was weak h	
589	negative	589.jpg	I think I'm just done trying.. I think I need to start facing a reality of loneliness and no color left.	
597	negative	597.jpg	The attacker was shouting "I am your god, I am your Islam as he stabbed the man to death.	
700	negative	700.jpg	this shit went 0 to infinity reallll quick ??	
727	negative	727.jpg	Know why our politics are a freaking mess? It's when the youth agree to be brain washed like this: Babu buying votes http:	
856	negative	856.jpg	Shall we take it for a spin? There are several old cars along the Wall Street Mill trail.	
943	negative	943.jpg	WE DONT WANT 2 KNOW YOR GOD SAYS U GET MORE PAY YOR SPECIAL WE HAV OUR OWN SAYS WHERE ALL	
1046	negative	1046.jpg	Mind!! That was really heart felt. Thank u	
1090	negative	1090.jpg	I drew something but idk, just a sketch	
1139	negative	1139.jpg	11 Signs You're A Mature Soul -	
1333	negative	1333.jpg	This is my table window seat that I ordered online. 4th time in a row you've got it wrong.	
1378	negative	1378.jpg	BREAKING: Jon Stewart is retiring from 'The Daily Show,' Comedy Central says	
1403	negative	1403.jpg	Looking forward to by Ayad Akhtar! Monday and tuesday are already sold out!	
1520	negative	1520.jpg	Reranging my bookcase again before i buy and other great new releases.	
1543	negative	1543.jpg	left to right: minsky's and us! Early 90s,	
1670	negative	1670.jpg	I think you heard me yelling at you before, during the game. Must have gotten in your head.	
1703	negative	1703.jpg	What does Jesus teach about anger?	
1779	negative	1779.jpg	An abandoned train station in Abkhazia, Georgia.	
1812	negative	1812.jpg	Let out a lot of build up anger last night no hoe shit lol	
1822	negative	1822.jpg	India's Modi "appalled" at temple built to worship him.	
1856	negative	1856.jpg	Patient X. by johannesburkhart -	
1913	negative	1913.jpg	LSW 570-648 6PLY BLEMISHED TURF TIRE	
1928	negative	1928.jpg	"They represent my life behind the scenes - the secrets, the broken hearts, the broken hearted - and the survivors" http:/	
1943	negative	1943.jpg	HORRIFIC: ISIS parades 17 captured Kurdish fighters to be BURNED ALIVE	
2075	negative	2075.jpg	Game day v Park losing Hedley in the warm up and trudges off dejected	
2087	negative	2087.jpg	Boxer beats up gang of thugs after they harass his wife:	
2114	negative	2114.jpg	....Miss Pac Man is broke and desperate for a pay day. Your Pay-Per-View numbers are a joke. ????	
2158	negative	2158.jpg	3 New Tips to Handling Your Anger	
2334	negative	2334.jpg	"Carlsberg don't do awkward plane rides, but if they did..."	
2360	negative	2360.jpg	This time last year I remember being bewildered by getting stuck behind one of the mystical beasts	
2526	negative	2526.jpg	at the beach house. Would love to skip, but can't handle the crabby toddler that brings us.	
2577	negative	2577.jpg	Models damaged in a fire at Madame Tussaud in 1930	
2585	negative	2585.jpg	I just defeated EGE in a duel!	
2603	negative	2603.jpg	OP EXODUS Camp - BRING a Roll Mat for activity kit list deficient!	
2666	negative	2666.jpg	17 Militant Killed By & Destroyed Car Bomb In Statement(F.P.)	
2685	negative	2685.jpg	Devoted Man Reunites With After Struggle with Homelessness	
2712	negative	2712.jpg	BOO is SO disorganized!	
2842	negative	2842.jpg	How Bloody Will Be? Bruce Campbell, & Sam Raimi Take a Stab!	
2887	negative	2887.jpg	Fear the Walking Dead Reactions - Comic-Con 2015 - IGN Video	
2890	negative	2890.jpg	Ever read a story that left u fearful 4 ur well being. Don't Say A Word is that kind of story.	
3164	negative	3164.jpg	Stuck in Love	
3187	negative	3187.jpg	changes law to make invalid without first attempting state-run counselling	
3207	negative	3207.jpg	DID NOBODY ELSE NOTICE LIGHT YAGAMI IN DEATH PARADE ABOUT TO BE JUDGED AT VIGINTI? (Ep 11)	
3224	negative	3224.jpg	I swear niggas is Suckas ??? catch me lacking and they look down tilt they hat down and act like I don't exist	
3274	negative	3274.jpg	Lonely Tibetan road | Photo by CoolBiere (IG)	
3311	negative	3311.jpg	Suburban Parade Of Homes Marred By Rotting Ox On Lawn	
3354	negative	3354.jpg	miffed with anti-religious messages, says he respects all faiths. Read here:	
3451	negative	3451.jpg	Someone was overwhelmed...	
3501	negative	3501.jpg	Hey, I'm still reeling from the news Yohan is playing for Palace.	
3505	negative	3505.jpg	escape could paralyze administration in terms of security policy. Our analysis http	
3512	negative	3512.jpg	have offer rejected from for Maksimovic but are close to snap up keeper Gabriel.	
3513	negative	3513.jpg	When you get rejected by Justin Bieber	
3534	negative	3534.jpg	When someone else is riding your horse and he's giving them a hard time	
3616	negative	3616.jpg	When you're thug af but have a soft spot for rainbows	
3655	negative	3655.jpg	Another smear piece on Muslims by that spineless merchant of hate, Andrew Gilligan.. This time on htt	
3735	negative	3735.jpg	Local talk show host was threatened to be beheaded in the name of Allah.	
3885	negative	3885.jpg	?????? ????? ? ?????? ????	
3938	negative	3938.jpg	24 yr old assailant, 60 yr old victim dead, 3 wounded, including 2 River Forest officers, in Sunday morning shooting htt	
3986	negative	3986.jpg	If Obama hadn't abandoned the stable Iraq that he inherited, ISIS wouldn't be a problem.	
4046	negative	4046.jpg	In Argentina, an Anguished Anniversary for Jewish Center Bombing	
4159	negative	4159.jpg	9.5-22 BLEMISHED 4PLY TURF TIRE	
4161	negative	4161.jpg	12.4-30 10PLY BLEMISHED TIRE	
4185	negative	4185.jpg	When the AC in your room is broken and you hitting shawty from the back.	
4197	negative	4197.jpg	Daryl Pierson memorial burned:	
4352	negative	4352.jpg	Asian countries have unrealistic low depression rates bcs a taboo around mental health causes people to not seek help htt	
4360	negative	4360.jpg	Why are you feeling desolate? Take the quiz:	
4384	negative	4384.jpg	Fine, if I'm not allowed out I'll nap. But I'll look really despondent while I'm doing it.	
4401	negative	4401.jpg	Devastated families of terror attack victims	
4403	negative	4403.jpg	Completely snapped my Achilles' tendon, operation tomorrow morning! Devastated. ?	
4440	negative	4440.jpg	Really getting peed off with the dismal summer weather here in Edinburgh. Oh to be back here	
4457	negative	4457.jpg	Why do you get distressed so much? Take the quiz:	
4474	negative	4474.jpg	Why do you get distressed so much? Take the quiz:	
4514	negative	4514.jpg	STATS: & star in our latest weekly review.	
4570	negative	4570.jpg	Amazing Skelos basically told his boss to "get his shine box"	
4596	negative	4596.jpg	Jailed Monster Kingpin Character http:/	
4718	negative	4718.jpg	1. There was nothing furious about Nicki's response 2. White media portrays innocent whiteness vs angry blackness. http://	
4794	negative	4794.jpg	pharrell ain't even happy...	
4826	negative	4826.jpg	A helpless woman never expected this from the man?its rea...	
4884	negative	4884.jpg	... next week infuriated be like	
5019	negative	5019.jpg	Anyone else enter a race & get a panicky feeling after?? I'm blaming you &	
5068	negative	5068.jpg	Reeling from the mysterious disappearance of their dear...	
5082	negative	5082.jpg	Higuain rejected giving someone an autograph in the street, got told he can't take penalties then there was a quarrel http	
56	neutral	56.jpg	Effects 137,000 women + Illegal 30 years, no-one in Britain yet convicted of FGM	
104	neutral	104.jpg	Met all my expectations. Nee	
155	neutral	155.jpg	Tales Of Evil PhD Supervisors: 10th story - Vacation?	
335	neutral	335.jpg	Absolutely incensed by this cynical 50 Shades/Valentine cash-in at Tesco	
516	neutral	516.jpg	Look at all the people who get more money than us.	
588	neutral	588.jpg	All Natural Bandage 4 STOPS in SECONDS	
678	neutral	678.jpg	Trapped in tiny concrete tank for decades.	
720	neutral	720.jpg	Qatar A330-300 A7-AEI detail, it was rather misty on Thursday so the shots haven't turned out as vibrant as usual.	
752	neutral	752.jpg	Wild Turkeys-Wildcat Hills	
828	neutral	828.jpg	Not unpacking just re packing. Tour life	
847	neutral	847.jpg	Have you setting up your Check out our guide to get the most out of	
905	neutral	905.jpg	when you don't cook me dinner...	
1044	neutral	1044.jpg	ms gill lectures abt rule of law but texts during class	
1058	neutral	1058.jpg	About to breakout the new paint brushes	
1165	neutral	1165.jpg	All Natural Bandage 4 STOPS in SECONDS	
1179	neutral	1179.jpg	Oportunidad. yoga iyengar 100% espanol - hd: Oportunidad P	
1180	neutral	1180.jpg	Officer testifies in trial for excessive force against schizophrenic ...	
1220	neutral	1220.jpg	??? by elfriede_s	
1242	neutral	1242.jpg	CarbonOne 442 part cannot be replaced	
1511	neutral	1511.jpg	I Am The The Can Get 2 The THUR--ME,,I U R"" U,,,	
1662	neutral	1662.jpg	951 EVO 2014 Flo Orange [S]	
1808	neutral	1808.jpg	"How's your dream doing?" -	
1850	neutral	1850.jpg	I'm befuddled!!! Where's my chicken!! the egg came first?!?!	
1884	neutral	1884.jpg	New Womens CHAUS Short Sleeve Black White Lace Shirt Top Size M Medium	
2012	neutral	2012.jpg	she told me to grab her pink bag and i've never been more confused	
2024	neutral	2024.jpg	going to stores crippled like	
2038	neutral	2038.jpg	Oreo crust pie - an entire package of crushed Oreos, who woulda thunk it??	
2111	neutral	2111.jpg	12 violets blue, 24 roses red, together purple &true, separate desolate, dead Darkness rises who's on board?	
2367	neutral	2367.jpg	Every black person KNOW these houses ??????	
2370	neutral	2370.jpg	VANS Sk8-Hi Black / White Original Classic Canvas US MEN SIZE 10 Sk8 Hi	
2375	neutral	2375.jpg	Black females getting too cocky ??	
2388	neutral	2388.jpg	HOT CAR 20pc Set Gray Black SUV Seat Covers Wheel + Pads + Head Rests + Floor	
2439	neutral	2439.jpg	Hot 2x17 CM Ice Blue DRL Fog Driving Lamp Waterproof Bright COB LED Light Ds-J - Full rea	
2552	neutral	2552.jpg	Benefits dad who claims he can't work is caught lifting 17-STONE mobility scooter up stairs	
2561	neutral	2561.jpg	When You Cut Ice Cream Instead of Scooping, Something Awe...	
2684	neutral	2684.jpg	NEW Devoted Creations ADORNED Bronzing Complex Tanning Lotion 13.5 oz.	
2700	neutral	2700.jpg	Why are you feeling dismal? Take the quiz:	
2705	neutral	2705.jpg	Learn how Christians are on course to become the majority in the west:	
2713	neutral	2713.jpg	(Dallas) dumped disorganized discovery on in box. Clever or crass?? http:/	
2724	neutral	2724.jpg	Why do you get distressed so much? Take the quiz:	
2725	neutral	2725.jpg	LEVI's 511 Dark Wash Zipper Fly Distressed SKINNY FIT Jeans Men's 30x32	
2786	neutral	2786.jpg	in made 89 rescues yesterday due to the elevated surf!! Check in w/ a	
2793	neutral	2793.jpg	Anti- talks in a nutshell: Mostly empty chairs with the occasional blue head of hair.	
2832	neutral	2832.jpg	Brand New Reebok Walking Tennis Walk Euphoric Sport White Medium Shoes 10.5	
2864	neutral	2864.jpg	Poll this: Is sodomy healthy wholesome activity kids should be exposed to? htt	
2869	neutral	2869.jpg	False Allegations by media exposed by Shiva: Asaram Bapu Ji never meets any girl alone.	
2875	neutral	2875.jpg	The False Dalai Lama is an historical fact. Investigate for yourself.	
2915	neutral	2915.jpg	Mountains or sea?	
2925	neutral	2925.jpg	Almost finished my thoughts in progress print but might have to continue tomorrow as Im shattered xx	
2937	neutral	2937.jpg	My experience with and our flawed system, my 2nd article for	
3008	neutral	3008.jpg	New of Steam on Ebay Grim Legends 2: Song of the Dark Swan Steam Key	
3041	neutral	3041.jpg	LEFT OEM BMW 5/6 SERIES E60/E61/E63/E64 645 650 Auto DIM HEATED MIRROR GLASS LH	
3072	neutral	3072.jpg	? ?????? ? ????...? ? ?? ?? ???.......	
3180	neutral	3180.jpg	ELEGANT NATURAL TOP INTENSE PURPLE URUGUAY AMETHYST STERLING 925 SILVER EARRINGS	
3181	neutral	3181.jpg	With temperatures around 90 and the humidity the result is the heat index below. Take it slow with the intense heat.	
3212	neutral	3212.jpg	Cinch Give Away What You Have To Do Is Follow Me and retweet this	
3248	neutral	3248.jpg	Aquatic Hitchhiker [Digipak] * by Leftover Salmon (CD, May-2012, LoS Records) via eBay	
3267	neutral	3267.jpg	Walk Lively Barbie Doll Original Outfit ~ Vintage Mod	
3317	neutral	3317.jpg	"10 Things I Learned Researching Ten of the Worlds Fastest Growing	
3318	neutral	3318.jpg	Airsoft/Paintball Multicam Camo BDU Uniform Set - Jacket & Pants - Medium - Full read by e	
3329	neutral	3329.jpg	VANS Mohikan Camel Suede Women's Fashion Sneakers Size 9.5 Medium - Full read by eBay	
3432	neutral	3432.jpg	ICYMI offers up first look at at	
3474	neutral	3474.jpg	And 12 lines of cocaine	
3591	neutral	3591.jpg	Start your today! Easy Business Blogging is out now: by	
3605	neutral	3605.jpg	Deals Fashion >> New Small E06 Touch Screen Bluetooth Smart Sport Bracelet Watch For	
3617	neutral	3617.jpg	Beauty Shop 3M MEDIPORE SOFT CLOTH MEDICAL TAPE, WOUND CARE, NEW! 10 ROLLS! *FREE SHIPPING!* 3M MEDIPORE SOFT	
3620	neutral	3620.jpg	Eddie Soft Kiki Kyo	
3678	neutral	3678.jpg	Storming opening speech from speaking in person inTeesside on why he should be Labour Party leader	
3689	neutral	3689.jpg	I'm playing and I'm stumped with this one, can you help?	
3703	neutral	3703.jpg	review substandard "zebra" burgers and this stuff which was hotter than the sun!	
3752	neutral	3752.jpg	"singles" and is nearly thrown out due to poor base-running	
3844	neutral	3844.jpg	Alex Smith Chiefs Game Worn Used Jersey 10/5/14 Breast Cancer NFL COA - Full read by eBay	
3856	neutral	3856.jpg	MAX DEALS : 2in1 Laser Vibrant Hair Scalp Comb Brush Helps Hair Lost Hair Growth Hea	
3866	neutral	3866.jpg	Vegan -weight-loss program, and recipe books: Vibrant	
3920	neutral	3920.jpg	A million kids in the UK are going to get this tiny computer	
4080	neutral	4080.jpg	The punishment is to drink the very bitter tea. YH wants to verify the lvl of bitterness of the tea http://	
4091	neutral	4091.jpg	Cars HERE > 20pc Set Red Black Auto Car Seat Covers Wheel Cover + Head Rests +	
4110	neutral	4110.jpg	Cell Phone USA : A18 Bluetooth Smart Wrist Watch Phone Mate for Cell Phone SIM Card Black	
4124	neutral	4124.jpg	End Date: Sunda	
4143	neutral	4143.jpg	New AGM/GEL YTX7L-BS GTX7L-BS UTX7L Honda Yamaha Kawasaki Motorcycle-BLEMISHED	
4144	neutral	4144.jpg	18V 3.0Ah Battery For Hitachi EB 1814SL EB 1820L 18DLX WR 18DMR WR18DL-BLEMISHED	
4147	neutral	4147.jpg	385/65D22.5 BLEMISHED R-4 NHS 16PLY TIRE	
4502	neutral	4502.jpg	Middle school conversations	
4599	neutral	4599.jpg	this is one of the reasons why want to extricate themselves from this evil empire http:/	
4635	neutral	4635.jpg	Wii Fit U + Fit Meter + Balance Board (Wii U) $24.99 via Nintendo.	
4671	neutral	4671.jpg	He Drilled A Hole in a Tire When He Finished .I Was S...	
4765	neutral	4765.jpg	One day I will earn a paladin... one day...	
4796	neutral	4796.jpg	New Driver Power Towing Mirror Heat Heated for 04-13 Nissan Titan Pickup Truck	
4863	neutral	4863.jpg	Photos of Justin Bieber and Selena Gomez at a hotel in Beverly Hills, California. (July 11)	
4911	neutral	4911.jpg	ܧܧ ٧ѧߧ֧ C ӧ ӧ֧է ԧѧ!	
12	positive	12.jpg	What does everybody think of these candles from Liberty London. We love! if you feel the same	
57	positive	57.jpg	As proud of the lads as a doting (young!) mum.	
62	positive	62.jpg	This beer goes well with Ghost Bath's 'Moonlover'. Some ebullient stuff going on, just wish the vox were cranked up.	
77	positive	77.jpg	ECSTATIC to have been scouted at with my best gal ?? thank you !!	
112	positive	112.jpg	One Love & Unity!	
120	positive	120.jpg	Buscando um novo rumo que fa?a sentido nesse mundo louco .. ?	
124	positive	124.jpg	THIS remIX MAKES ME DIZZY	
237	positive	237.jpg	Frightened, but feeling ok about it	
292	positive	292.jpg	Last day on camp for me! Quality track session from the group. 132 x 400m from 9 athletes!	
303	positive	303.jpg	Check out this amazing deal! Brand New Singe/Double/King Heated Electric Blanket 20% off! Now only ?9.99!	
328	positive	328.jpg	Hurt Hoes Come Take Shots with & I Tonight! Shots and Jizzles on Mee??	
369	positive	369.jpg	My sister who's in Drankenstein prison 2day tchg entrepreneurship to break the cycle of poverty for men in S.Africa!	
477	positive	477.jpg	It's been five years, but I'm more than overjoyed to wish you a happy 23rd birthday, I love you baby. Rest easy. ???	
506	positive	506.jpg	Petrified Wood Gemstone .925 Sterling Silver Overlay 2" Pendant	
515	positive	515.jpg	Pr aged and expired domain software: Converts. Anal	
517	positive	517.jpg	It FINALLY arrived and I'm SO Farewell & Hello !!	
521	positive	521.jpg	We're reeling in something amazing this February called See you for dinner!	
634	positive	634.jpg	I was taken aback by this question though HAHAHAHA (I was thinking of Dean Winchester /	
653	positive	653.jpg	A queen knows how to build her empire with the same stones that were thrown at her.	
675	positive	675.jpg	while everyone is loving each other I'm being trapped inside of fucking epsilon by Meta	
692	positive	692.jpg	10 Celebs Who Wanted To Go Nude In Playboy And Got Turned Down -	
827	positive	827.jpg	love this!!!! htt	
942	positive	942.jpg	Wai borlog! Patiwakal laturrr! ?	
1000	positive	1000.jpg	betterfeelingfilms: via Instagram: First day of filming back in 2011. Can't	
1182	positive	1182.jpg	Interested in and articles? Subscribe to my blog	
1235	positive	1235.jpg	Big congratulations to on her engagement to	
1291	positive	1291.jpg	?? ???? ??.	
1299	positive	1299.jpg	Kids of Dawei community join the release of 42 rescued Elongated http:	
1415	positive	1415.jpg	I seriously may have found my new spot!!! ?	
1423	positive	1423.jpg	Only 6 months until 5SOS performs at !!!! ?????	
1429	positive	1429.jpg	Sprayed with iodine. They sent small replacement top and it fits! Even with an undershirt!	
1437	positive	1437.jpg	It's definitely good to be home.	
1491	positive	1491.jpg	Eeek love that our kitchen is finally finished ?	
1552	positive	1552.jpg	Kung maging tayo, sayo lang ang puso ko. ?????? ???????? ??????	
1736	positive	1736.jpg	Nice job on the radio delivering Valentines to	
1746	positive	1746.jpg	??Todos los fans de estamos de suerte!!, por fin podemos comprar en su tienda online ??????	
1934	positive	1934.jpg	BUOYANT wishes you a Happy Valentine's Day~!	
1953	positive	1953.jpg	so blessed to stan such caring angels like infinite?	
1976	positive	1976.jpg	Just an average girl she always wore a smile she was cheerful and happy for a short while now shes older... ?	
2011	positive	2011.jpg	Transgender Kids Arent Confused About Who They Are, So Stop Trying T...	
2076	positive	2076.jpg	Former youth NT member Leo Zuta (far R) looks dejected as (featuring Brazilian Kak) celebrates a goal	
2425	positive	2425.jpg	MENS PUMA SPORT TROUSERS ACTIVWEAR PANTS BLUE SIZE S SMALL EXCELLENT	
2575	positive	2575.jpg	are the most kind, because they already know they can	
2588	positive	2588.jpg	For the second year in a row has defeated to claim	
2609	positive	2609.jpg	I once showed Pluto to Pluto. He looked delighted. Or maybe thats his reaction to everything.	
2656	positive	2656.jpg	Why are you feeling despondent? Take the quiz:	
2798	positive	2798.jpg	Sir your voice makes the game younger and energetic. Your powerful voice has touched many people's heart. ??	
2858	positive	2858.jpg	Please retweet to support Irish teachers excluded from state-funded schools because they are atheist	
2879	positive	2879.jpg	FALSE MERMAID/Erin Hart/HC/FIRST EDITION/BUY ANY 4 ITEMS SHIP FREE	
2919	positive	2919.jpg	In-progress drawing of a train spotted in the Last Bookstore ?? I like it in this half-finished metaphorical state :)	
2951	positive	2951.jpg	Why do you get flustered so much? Take the quiz:	
3138	positive	3138.jpg	Inept managers bungle program:	
3154	positive	3154.jpg	Rihanna at Da Silvano restaurant in NYC - July 11th	
3201	positive	3201.jpg	Which way to go ... Check out my photo on Dreamstime	
3324	positive	3324.jpg	"The State of the Comic Book Medium," a recent podcast from mit_cmsw:	
3340	positive	3340.jpg	Oh great. Has & his merry band of shake down artists shown up yet?	
3395	positive	3395.jpg	Oh ya big thanks to again for this amazing glasses holder.	
3455	positive	3455.jpg	Dad designs shoes to give his paralyzed daughter the sensation of walking.. well played dad well played ?	
3484	positive	3484.jpg	Petrified Wood 925 Sterling Silver Pendant Jewelry SP982	
3492	positive	3492.jpg	when old men pay attention to you	
3528	positive	3528.jpg	Doing some horse riding at my uncles farm, such a Beautifulll day!	
3604	positive	3604.jpg	"How To Design A Great Small Logo That Lasts" \\\?\\\	
3650	positive	3650.jpg	Authentic Pandora Sparkling Stiletto Pendant Charm 791536CZ - Full read by eBay	
3713	positive	3713.jpg	Joe Jonas knows he's the luckiest dude on the planet, right?	
3716	positive	3716.jpg	Flight to Sicily for International Computer Vision Summer School ICVSS 2015 http:	
3767	positive	3767.jpg	Another 4 ticked off today. Loads of people wandering around with their maps!	
3783	positive	3783.jpg	Newport Problems: Pecotic trapped for 5 min post-match while matches go on around them.	
3865	positive	3865.jpg	Vibrant Colours by Graham Gercken -	
3914	positive	3914.jpg	Wild dolphins swimming free in the Bahamas	
3995	positive	3995.jpg	Abandoned house on the middle of a lake	
4045	positive	4045.jpg	Anger Jully The Sun http://	
4152	positive	4152.jpg	BLEMISHED RINEHART 4" BLK SLIP ON MUFFLERS CHROME TIPS 2" INLET TRUE DUAL HARLEY	
4229	positive	4229.jpg	Happy birthday to my main QUAD? have a cheerful day ?love ya lots ??	
4281	positive	4281.jpg	Offers : LATEST & TEMPTING 1.05 INCH LONG ROSE CUT DIAMOND STUDDED LOBSTER LOCK FIND	
4286	positive	4286.jpg	Short Movie: Director's Cut out now	
4313	positive	4313.jpg	Lord Dubs hosts at Sponsored by - Delighted can be of help http	
4326	positive	4326.jpg	Also delighted Alder Hey Hospital will be Special Guests on Saturday 22nd August 1-2pm.	
4410	positive	4410.jpg	is a devoted yoga student and will even bring his instructor on tour with him.	
4538	positive	4538.jpg	?... ? ?? ??..???	
4549	positive	4549.jpg	Frank, 18 months, friendly, energetic, responsive to training, loves to be out & about, great cuddles Lancashire	
4586	positive	4586.jpg	Calling a smoothie "euphoric" is a bold claim, but we're making it! It's got... (more:	
4591	positive	4591.jpg	SPEND an day in an euphoric field Check out my article	
4694	positive	4694.jpg	I am currently very flustered bc	
4733	positive	4733.jpg	Try some of our yummy ice cream flavours to brighten up this gloomy day ???	
4761	positive	4761.jpg	ޤ813դ(? B?B )?	
4835	positive	4835.jpg	This is probably the cruelest dad prank ever	
4871	positive	4871.jpg	TT in Italia :) siete i migliori :) <3	
4931	positive	4931.jpg	How it looks like to be judged by	
4953	positive	4953.jpg	ޤɥޥɥޤȤ22 | ֥ȥޥ	
5102	positive	5102.jpg	"HELL HATH NO FURY LIKE A BOOK LOVER SCORNED!"	
