index	#1 Label	#2 ImageID	#3 String	#3 String
30	negative	30.jpg	It was eight years ago last week that Obama launched his first bid for president	
349	negative	349.jpg	Daughter is infuriated by her father's wrong lyrics to 'Frozen':	
383	negative	383.jpg	Because writer is too intimidated for asking to RP.	
422	negative	422.jpg	I'm not stuck in the past. I'm marooned in the present.	
448	negative	448.jpg	Neglected For 50 Years, What 2 Guys Found on This Farm is...	
539	negative	539.jpg	Scorned by Clark North Blue Asian Devil Serpent Tattoo Artwork Giclee Art Print	
671	negative	671.jpg	Saleh albeshre ,died after brutally tortured ,kidnapped by Houthis during peaceful march in	
699	negative	699.jpg	He has a point..	
730	negative	730.jpg	WW1 submarine with a hull number of U-118 was found washed ashore on the beach at Hastings, Sussex, England, 1919. http	
830	negative	830.jpg	The only thing about was maybe his shorts. Learn the	
883	negative	883.jpg	by DJLee -	
901	negative	901.jpg	capture every moment even its a	
919	negative	919.jpg	These are the types of thoughts you most definitely should NOT share on Facebook lol	
934	negative	934.jpg	- [link removed]	
947	negative	947.jpg	& we offer $1K	
960	negative	960.jpg	Loneliness is as big a risk to health as smoking. Help end Text BE A FRIEND to 70300 to donate ?3	
1078	negative	1078.jpg	Remember this photo that I've taken?	
1087	negative	1087.jpg	by emmal940 Fifty shades of grey on	
1142	negative	1142.jpg	Vanishing Thousands of upset!	
1247	negative	1247.jpg	The boys laying on the ledge.	
1515	negative	1515.jpg	ONE IS NOT ONESELF by author	
1533	negative	1533.jpg	This is a very Manchester sky!	
1693	negative	1693.jpg	The mass of self and hatred 4 all will consume this planet before warming	
1730	negative	1730.jpg	Had to be rescued off the mountain!	
1741	negative	1741.jpg	Outcast: Rooftop Escape	
1761	negative	1761.jpg	Sims community is sickeningly polite. My toxic mentality prevents me from befriending other 'Simmers"	
1774	negative	1774.jpg	Rudy Giuliani: Over 2500 Refugees in that we have abandoned,although we promised 2 protect them	
1780	negative	1780.jpg	Breathtaking Photos of Abandoned Places	
1809	negative	1809.jpg	This is why you dont anger a voodoo priest.	
1886	negative	1886.jpg	Video of woman telling black man 'you guys used to be slaves' on Tube investigated by police http:/	
1891	negative	1891.jpg	This power plant in looks like something out of X-Men! See more:	
1893	negative	1893.jpg	Bleak Winters & Increased Production Value. Tips for Shooting in Cold Weather by	
1926	negative	1926.jpg	Only 1 serious injury from on the with a few broken bones but talking. Other 3 walking wounded h	
1932	negative	1932.jpg	More photos on :	
1959	negative	1959.jpg	Do you even hug	
1977	negative	1977.jpg	Seriously this has got to go	
2063	negative	2063.jpg	his legacy is a damaged and underfunded and constant attacks on the poorest and most needy	
2131	negative	2131.jpg	The reason why this devoted dog is in critical condition will make you cry:	
2329	negative	2329.jpg	Awful Instagram Fails That Will Make You Question the Wor...	
2333	negative	2333.jpg	halsey getting mad and defending me, aka me feeling awkward and crying on the inside and screaming bc SHE DID IT	
2356	negative	2356.jpg	UFC 189's Louis Smolka on Irish fans: 'They're belligerent, but I'm going to ... UFC 189	
2462	negative	2462.jpg	In horrific photo, UFC 189's Rory MacDonald confirms broken nose and foot	
2667	negative	2667.jpg	Iranian hardliners vow in march: U.S. will be destroyed	
2668	negative	2668.jpg	A Spanish U.N. soldier in a destroyed street of Mostar, 1994 | SEE MORE AT http:	
2671	negative	2671.jpg	The world will not be destroyed by those who do evil, but by those who watch them without doing anything	
2688	negative	2688.jpg	UPDATE!Navy discarded ilegal fishing after boarding chinese vessels in Excl Econ Zone htt	
2699	negative	2699.jpg	many races have done stuff/"disgraced" the flag but when black people do it, it's their entire race	
2841	negative	2841.jpg	Teenager on & as a kid need better pic of George as a teen	
2898	negative	2898.jpg	Ghetto girls this what happen when y'all poor kids have to shit out the gyro meat y'all fed em ?lol	
2931	negative	2931.jpg	When you realize the summer is almost over and your other friends finished the assignments without you :(	
2940	negative	2940.jpg	based on flawed belief that big govt knows best.	
2948	negative	2948.jpg	Shouldnt be a question. even these young ones are confused & flustered by yalls bullshit http:	
2968	negative	2968.jpg	"Des nbuleuses au fond d'mes songes"	
3002	negative	3002.jpg	California's gloomy weather got me like	
3060	negative	3060.jpg	holy shit esta foi a primeira que os mogwai tocaram ontem, grande parte do set at foi deste lbum	
3123	negative	3123.jpg	Game 87 WPA: Incomplete. Nats win 3-2.	
3166	negative	3166.jpg	UPDATED: Police: 2 dead, 3 injured in police-involved shooting in River Forest, Ill. htt	
3175	negative	3175.jpg	16 Serious Sibling Rivalries More Intense Than Yours	
3210	negative	3210.jpg	maybe you should talk to a Sharkiatrist and find out why you aren't feeling so jumpy.	
3247	negative	3247.jpg	leftover america cake?	
3256	negative	3256.jpg	back in London from Paris. Hopefully I'm more lively at work than these guys from the catacombs!	
3336	negative	3336.jpg	Moving house has a melancholy air.about it. It often means saying goodbye to a life you knew in exchange for a life ht	
3545	negative	3545.jpg	TWO CAREERS RUINED OVER SEX AND DONUTS...WOW!	
3652	negative	3652.jpg	Heartbreaking moment when you realise you've got sparkling water instead of still ??	
3661	negative	3661.jpg	The nun relates a spiteful accident about husband and wife.	
3736	negative	3736.jpg	Video Proves Ex-SWAT Cop Lied, Threatened to Break Teen's Neck:	
3776	negative	3776.jpg	1 million dogs tortured b4slaughter on 3 hottest days in July/Aug in -show u care, raise awareness	
3784	negative	3784.jpg	...Killing 23 civilians. Do something for those trapped in the rubble by donating:	
3832	negative	3832.jpg	HERE YOU HAVE HARRY UPSET THAT A PREGNANT WOMEN LEFT AND LIAM INSISTING SHE CALL THE BABY LIAM LMAO	
3854	negative	3854.jpg	History will haunt this nation like a vengeful spirit until it does right by my people. http:/	
3953	negative	3953.jpg	If youre bored, youre doing something wrong. -Richard Dawkins	
4013	negative	4013.jpg	this is a shed foundation in need of TLC. My mind is willing but my muscles are aching.	
4067	negative	4067.jpg	Heroes aren't born. They're beaten, betrayed, tortured, enslaved...	
4140	negative	4140.jpg	ADDCO *Blemished* 1" Front Sway Bar	
4157	negative	4157.jpg	7.50/8.00-16 10PLY INDUSTRIAL F-3 BLEMISHED FRONT TIRE	
4166	negative	4166.jpg	Herman Miller Aeron OEM Replacement Back Frame Size B 3D11 SAPPHIRE Blemished	
4168	negative	4168.jpg	HUGE Littlest Pet Shop LOT 72 Pcs Puppy Dogs Cats Bunny BLEMISHED - Full read by eBay	
4267	negative	4267.jpg	The Terrifying True Story Of How An Innocent Balloon Festival Crippled A City For Weeks -	
4291	negative	4291.jpg	Genuine HP 21 Black Ink Cartridge in Damaged Retail Box	
4294	negative	4294.jpg	A friend had her car damaged & bike stolen by some lowlifes last night in Kilkenny. Any sign online/elsewhere, DM me.	
4303	negative	4303.jpg	Genuine HP 932XL and HP 933XL Ink Cartridges in a Damaged Retail Box	
4349	negative	4349.jpg	If we gonna do this Wednesday Depression thing, may as well go all out!! http	
4376	negative	4376.jpg	Why are you feeling despondent? Take the quiz:	
4500	negative	4500.jpg	ef-a tale of melodiseebullient futureJapanese e6"	
4622	negative	4622.jpg	Russian football's Miss Charming stripped of title after being exposed as a racist neo-Nazi	
4802	negative	4802.jpg	Leeds and Frankfurt fans got pretty heated up over a friendly match	
4896	negative	4896.jpg	ICEMOON [INTENSE] SAMPLE | | |	
4929	negative	4929.jpg	I agree. I'm also coming from a place where dinosaur movies are all judged by the TV Show Land of the Lost.	
5073	negative	5073.jpg	Arsenal have first bid rejected for Karim Benzema:	
5083	negative	5083.jpg	Mitsubishi has apologised to former American POWs on the eve of the WWII anniversary. Why now? http:	
108	neutral	108.jpg	HO BRASS MTS MANHATTAN ELEVATED EL CAR SET, 2 CARS, PAINTED	
180	neutral	180.jpg	Tom Cruise sitting on top of Burj Khalifa for Mission Impossible: Ghost Protocol	
181	neutral	181.jpg	EXPOSED: free fortune cookie SCAM at uwindsor marketplace	
243	neutral	243.jpg	So you pay for a full bag of anything these days and you get half or 3/4!	
356	neutral	356.jpg	Joel Rosenberg to Speak at Convention in Feb 23-26!	
396	neutral	396.jpg	Only 6 months until 5SOS performs at !!!! ?????	
449	neutral	449.jpg	tiny guy on A5..inspired by a recent doodle I did for (wihch I neglected to scan!)	
511	neutral	511.jpg	2 things a Stormtrooper is powerless against in armor, low hanging objects & this http	
531	neutral	531.jpg	If your heading out for the night make sure it's not ruined with a room for one at one of our B&B's. http:	
580	neutral	580.jpg	Simply speechless to see this pic !!!	
609	neutral	609.jpg	Poche ore dalla partenza questa splendida due giorni di brain-storming e ci sono prime vittime	
617	neutral	617.jpg	Hows that corruption going for you this morning? Still going strong?	
623	neutral	623.jpg	STUMPED by Rob Kitchen P/B. RT+F to enter. UK Ends 14th Feb 8pm x	
627	neutral	627.jpg	World stunned by confined to delays to and Confusion	
648	neutral	648.jpg	Thrilled that is sponsoring the upcoming Awards on March 1 at	
794	neutral	794.jpg	ZIPPY "83" Solid VW Rabbit 4 door* (SantaFe) $3000	
848	neutral	848.jpg	Day 365: 365 Days of 30 Minute Drawings	
865	neutral	865.jpg	Wednesday: High pressure remains in charge yet again. Staying dry and cloudy in most places.	
868	neutral	868.jpg	Chinese to sarcoidosis healing: An ebook that reveals why there	
936	neutral	936.jpg	Whew! Over 30min & 300+ w/ ???	
985	neutral	985.jpg	Genghis Khan ~ ily	
993	neutral	993.jpg	forest or up Glen	
994	neutral	994.jpg	Where theres a whisk, theres a way.	
999	neutral	999.jpg	Remedios y tratamientos naturales: Remedios herbales	
1071	neutral	1071.jpg	Bringing a little bit of Boston to Phoenix	
1089	neutral	1089.jpg	We me to be in the of and I it	
1125	neutral	1125.jpg	This Could Be The Night by Cindy Mizelle ?? sheeeit I'm ???	
1279	neutral	1279.jpg	The most community in Europe!	
1282	neutral	1282.jpg	School District Wants To Close Achievement Gap By Recruiting More Teachers:	
1308	neutral	1308.jpg	Less than a minute left in the half, are up 27-21!	
1390	neutral	1390.jpg	First bible I've owned and it's a textbook	
1397	neutral	1397.jpg	Pakistani leaders don't pay taxes citing good reason.	
1471	neutral	1471.jpg	look at what was in my mailbox	
1599	neutral	1599.jpg	These are some of the qualities our patients expect from their care staff	
1691	neutral	1691.jpg	Janowicz wins 6-2 3-6 6-3. Drama towards the end as the umpire didn't overrule a Jerzy serve. Paire left	
1692	neutral	1692.jpg	Belinda is absolutely at time violation. Point penalty. 15-30 to 15-40.	
1781	neutral	1781.jpg	to our community!	
1800	neutral	1800.jpg	AMAZON-AMIDST ARDOR AGLOW is 150 SHADES OF MAGNIFICENCE FOR MR.& MRS. RIGHT,NOT MR/MS RIGHTNOW	
1837	neutral	1837.jpg	? ? grain 24K 999.9 Pure fine gold bullion bar with COA barren not 2.5 gram A 26	
1870	neutral	1870.jpg	LED LIGHT BAR (Single Row) 40" Inches Long (12 Piece) 120 Watt w/wiring ~(Black)	
1871	neutral	1871.jpg	-Blackberry Classic - Black - Brand New, 16GB, 3G, 8MP Camera	
1876	neutral	1876.jpg	Unlocked SIM Bluetooth Smart Watch FM Sync Phone Call Reminder Mate Music Black	
1912	neutral	1912.jpg	EGW Heavy Duty Scope Rings Tactical 30 MM Low .850 Bargain Bin Blemished	
1969	neutral	1969.jpg	My encounter at Ghanas chaotic passport office- |See more here:	
2005	neutral	2005.jpg	Outlaw Column on not getting the Chocolate Thing	
2102	neutral	2102.jpg	Two flag stickers yet neither of them are from the country we call home........	
2165	neutral	2165.jpg	Seeing in Looking forward to the talk with the...	
2311	neutral	2311.jpg	??? ?? ?, ?? ???	
2318	neutral	2318.jpg	When you realize you're attached to someone	
2319	neutral	2319.jpg	We attached a leader swivel	
2366	neutral	2366.jpg	black MICHAEL KORS designer handbag shoulder bag hobo purse leather gold detail - Full rea	
2435	neutral	2435.jpg	Star Wars 1978 Vintage Kenner Blue Snaggletooth Sears Cantina Playset NoToe Dent - Full re	
2665	neutral	2665.jpg	Shawn: *Walked around looking like this:	
2696	neutral	2696.jpg	Need an expert opinion: aren't these types of feeders discouraged?	
2717	neutral	2717.jpg	Why are you feeling dispirited? Take the quiz:	
2723	neutral	2723.jpg	Topshop Overalls Dungarees Distressed USA SIZE 6 - Full read by eBay	
2728	neutral	2728.jpg	12 sq ft Brown / Camel Tan Distressed Bomber Jacket Goatskin Leather 45"x30"	
2732	neutral	2732.jpg	True Religion Jeans Woodstock 27 x 33 Womens Distressed NICE!!	
2745	neutral	2745.jpg	is this a joke? How is Jodie Arias under Romantic Movies ?	
2761	neutral	2761.jpg	Why are you feeling downcast? Take the quiz:	
2784	neutral	2784.jpg	DELICIA BEAUTY : MOEN ELEVATED ELONGATED TOILET SEAT Home Care Bathroom Safety Elder	
2829	neutral	2829.jpg	Weight Loss Capsules	
2868	neutral	2868.jpg	Sen McColombia's Cartel Was Exposed When a Cargo Ship Owned By His Wife Had 90 Lbs of Cocaine h	
2917	neutral	2917.jpg	Twitter or Facebook?	
2984	neutral	2984.jpg	Frustrated with work life balance	
2985	neutral	2985.jpg	Remember when Kelly Rowland texted Nelly via Microsoft Excel and was fuming that he didn't text back?	
3076	neutral	3076.jpg	Bucs 132-3 off 24. Huggy takes a stunner at mid off. Crossy takes the wicket.	
3119	neutral	3119.jpg	New Deal HP 6530b Incomplete Laptop Notebook Intel 2.53GHz Core 2 Duo CPU 3GB RAM NO	
3299	neutral	3299.jpg	Marooned by EdMorris |	
3384	neutral	3384.jpg	First in 1962 was built in urbanized format & mixed-use environment. I wonder what happened to 1960s model. http:	
3460	neutral	3460.jpg	'Walking robot' allows paralyzed man to move again	
3523	neutral	3523.jpg	Last group of Yang and Lewis riding in style to the back nine.	
3602	neutral	3602.jpg	Samsung Galaxy Note Pro SM-P900 32GB, Wi-Fi, 12.2in, Small Problem, Works! - Full read by	
3612	neutral	3612.jpg	If put a Soft Cap on Simple Choice Plans... Then have preference with me	
3794	neutral	3794.jpg	Dr. Phil: helps out parents of troubled teen -	
3807	neutral	3807.jpg	Turned hot tub into a foam party??	
4053	neutral	4053.jpg	Maxxis Ardent L.U.S.T./UST Tires - 29in	
4084	neutral	4084.jpg	Cell Phone USA : Samsung Galaxy Note 3 III SM-N900P (SPRINT) Black / White / Gold (A)	
4085	neutral	4085.jpg	202-8984B 18x9 6x5.5 (6x139.7) Wheels Rims Black +25 Offset Alloy 6 Spoke Lifted	
4129	neutral	4129.jpg	Outlook for U.S. TV Ad Spending Bleak, SMI Reports 5% Drop in Q2 -	
4141	neutral	4141.jpg	American Racing *Blemished* Ribelle Series 708 Chrome (Bright PVD)	
4462	neutral	4462.jpg	Men100% Cotton Size 34W x 29L Blue via	
4507	neutral	4507.jpg	GM Ruston Webster talks Mariota signing:	
4524	neutral	4524.jpg	WIN elevated VIP seating! Watch the main stage from a raised platform in your car in the crowd. http://	
4645	neutral	4645.jpg	How to Overcome the Fear Factor of Going Live on Periscope |	
4650	neutral	4650.jpg	Wise Man's Fear: Kingkiller Chro by Patrick Rothfuss, Mass Market Paperback 2013	
4707	neutral	4707.jpg	Absolutely fuming that I ordered the hammock and a mouse mat came instead ?	
4760	neutral	4760.jpg	This needs to be in my area	
4798	neutral	4798.jpg	99-2004 Grand Cherokee Power Remote Mirror Heated Right	
4812	neutral	4812.jpg	09 10 11 12 13 CHEVY SILVERADO MIRROR SET ELECTRIC HEATED OEM LEFT	
2	positive	2.jpg	grattis min griskulting!!!???? va bara tvungen oki s? sch ?	
11	positive	11.jpg	So proud of these kids! Not only talented, ENERGETIC and hardworking, but respectful and kind-hearted! ??	
154	positive	154.jpg	The NSA just captured the evil side of Valentine's Day in this perfect tweet	
185	positive	185.jpg	2nd top Daesh twitter after Shami is now exposed! Thanks to ! htt	
191	positive	191.jpg	Hot posted by -	
221	positive	221.jpg	did they just finished swimming?? I'm glad they had time to have fun ??	
286	positive	286.jpg	This is happy good evening meet With such a fine scene sweet.	
378	positive	378.jpg	fifty shades of grey looks intense must see!	
471	positive	471.jpg	We are overjoyed to announce that our little Addie is going to be a big sister! ETA 8/2015.	
472	positive	472.jpg	He drew on the glasses :') overjoyed and filled w love	
545	positive	545.jpg	An ex-girlfriend scorned is capable of anything. bahahha	
553	positive	553.jpg	Happy Valentine's Day! No promoted trends today...truly shocked.	
600	positive	600.jpg	" drink water whenever you think of food"	
659	positive	659.jpg	First day with coffee of the semester	
831	positive	831.jpg	A Secret Place in My Heart	
915	positive	915.jpg	Heathrow bound. Fly early tomorrow morning!	
970	positive	970.jpg	1st post in blog series: vs. Hoping the difference U!	
979	positive	979.jpg	Kat just before she gets by Killer Sex in a	
1043	positive	1043.jpg	Cant wait for Feb14 launch @ EA gona meet bro for the 1st time ???	
1063	positive	1063.jpg	When I get my order at (feat. Creepy 8th grade Sav)	
1092	positive	1092.jpg	Did you this can be into a fully	
1113	positive	1113.jpg	Only a caramel triangle can cancel out the misery	
1163	positive	1163.jpg	Sir Button is available	
1171	positive	1171.jpg	Watch for free online, on our & coming soon to	
1210	positive	1210.jpg	So much respect for this girl ?	
1259	positive	1259.jpg	My favorite thing about our apartment is hands down the amazing view.	
1366	positive	1366.jpg	sample I collected on farm, this colostrum had been left out for 1.5 hours	
1469	positive	1469.jpg	Seeing in a few days	
1582	positive	1582.jpg	Recordando un poquito...	
1584	positive	1584.jpg	It's all about little details. Thank you L	
1616	positive	1616.jpg	Just Give it to he will take care of it	
1679	positive	1679.jpg	Oh my! Another cake but it slid around in its box hahahaha now it looks like this	
1726	positive	1726.jpg	es somos expertos en la creacin de modelos de	
1743	positive	1743.jpg	Fun red carpet event over the weekend in	
1744	positive	1744.jpg	by niowaskito Let's Go !!	
1795	positive	1795.jpg	How has God set your hearts aglow through the work of others?	
1845	positive	1845.jpg	omg Lolol I still haven't beaten that game ?	
1921	positive	1921.jpg	Pied!! With an awesome black blotched pattern...	
1960	positive	1960.jpg	' It's about caring someone '	
1988	positive	1988.jpg	&am generally usually always known to be thoughtful&a cheerful giver(2 Corinthians 9:6-7)also c pic:]	
2006	positive	2006.jpg	My favorite cowboy turns 53 today! So grateful for him and truly madly in love!	
2019	positive	2019.jpg	Crazy Idea (uh la la) [Lyric Video] ME GUSTAAA	
2045	positive	2045.jpg	Did you know our r waste & fabric ht	
2049	positive	2049.jpg	THIS IS SO CUT E	
2081	positive	2081.jpg	Delighted to be back in the team today, another goal, and 3 points! Perfect Valentine's Day! Inter on Thursday now ? http	
2085	positive	2085.jpg	imagining mitsutada as that smart-looking student & ookurikara as the delinquent _(:'3 J	
2086	positive	2086.jpg	Orphaned delinquent child with yellow hair and anger issues becomes leader of his village	
2132	positive	2132.jpg	VIDEO: A Crystal Palace fan produces a hilarious parody song devoted to Yaya Sanogo!	
2498	positive	2498.jpg	Happy birthday you cheerful little elf ???	
2555	positive	2555.jpg	Crushed it at the in Minnesota yesterday!	
2574	positive	2574.jpg	Churchill sits on one of the damaged chairs from Hitler's bunker in Berlin, 1945.	
2659	positive	2659.jpg	Why are you feeling despondent? Take the quiz:	
2749	positive	2749.jpg	my version of the dizzy challenge	
2785	positive	2785.jpg	When you find out El chapo escaped a maximum security jail 2 times and you can't even escape the friend zone	
2811	positive	2811.jpg	I saw the scans of 9m but GsD had this which enraged the netizens	
2850	positive	2850.jpg	Whether you're excited or exasperated, it's time for the Games. Enjoy them. Be positive. Let our city shine!	
2870	positive	2870.jpg	? we are the secret, we can't be exposed ?	
2883	positive	2883.jpg	"I choose to stand strong when my knees shake and tears fill my eyes."	
2897	positive	2897.jpg	Just got these folks fed ??????	
2969	positive	2969.jpg	retour aux sources hier.. Belle soire avec le talentueux Corson et ses zicos, fond sur scne! :) http	
3096	positive	3096.jpg	Imperfect keramiek perfect gemaakt door Jeroen Wand - - Blogpost op Stylingblog.nl	
3295	positive	3295.jpg	Elvis Presley - Frankie and Johnny / Please Don't Stop Loving Me - USA 45 + PS	
3361	positive	3361.jpg	You should read "Misled ? a.m. au" on	
3368	positive	3368.jpg	British Muslims: what do you feel is most misunderstood about you because of your beliefs?	
3502	positive	3502.jpg	if you want to live here ??	
3572	positive	3572.jpg	We got Tatum! It's a wrap. Will be shocked if Giles doesn't pick Duke now. ???	
3624	positive	3624.jpg	DVF Diane von Furstenberg Naples Ankle Soft Canvas Blossom Black Tuxedo Pants 4	
3628	positive	3628.jpg	20x60 inch Women cotton Scarf Wraps Shawl Stole Soft Scarve Flower-Navy - Full read by	
3681	positive	3681.jpg	This weekend we want to celebrate the success of a strong and super talented woman! Go girl! ??	
3700	positive	3700.jpg	Once Your Realize Whats REALLY Happening In This Video, Youll Be?Stunned	
3701	positive	3701.jpg	They Were Stunned When She Got Pregnant. But When They Saw the Sonogram... WOW	
3740	positive	3740.jpg	As you can see the animals are absolutely thrilled about us no longer living sin.	
3973	positive	3973.jpg	Authentic Louis Vuitton Zippy Organizer Wallet Damier Azur Canvas	
3987	positive	3987.jpg	The Paris Inner City Little Belt Railway Abandoned since 1934	
4012	positive	4012.jpg	Thank u for your understanding heart and shining smile.I want to kiss the aching everywhere	
4025	positive	4025.jpg	My paintings in the window aglow at night at Miami Art League ?	
4026	positive	4026.jpg	? All aglow ?? ?	
4033	positive	4033.jpg	Wednesday's laugh brought you by the Daily Mail. New memes of dog protecting cat during storm	
4223	positive	4223.jpg	Remember recess? Learning how makes it less chaotic to gain more effective class time	
4244	positive	4244.jpg	We asked you to share ways in which reality of becoming a parent confounded your expectations...	
4278	positive	4278.jpg	Hot Deals : 1.5 CT Simulated Round Cut Engagement Bridal Ring Band set 14k White Gol	
4459	positive	4459.jpg	TAVERNITI SO JANIS JEANS DISTRESSED EMBROIDERED SIZE 27 X 32 CELEBRITY FAVORITE!	
4485	positive	4485.jpg	24 Hours in Kim Kardashian's Designer World Will Make You Dizzy	
4610	positive	4610.jpg	Really excited to see this guy play at Anfield.. FIRMINOooo-oooo ?	
4661	positive	4661.jpg	Latest find. Recipes look awesome. Ready to say buhbye meat (I'm still having a turkey sandwich for lunch)	
4774	positive	4774.jpg	I really can see love, peace and happiness in it.	
4786	positive	4786.jpg	Happy birthday KIISES to this beautiful angel inside & out... Miss	
4991	positive	4991.jpg	What Do You Mean Youre Spiritual?	
5063	positive	5063.jpg	MP, not at all rattled...	
5121	positive	5121.jpg	The Polizia di Stato and Carabinieri have shunned Italian marques by placing an order for 925 Leon patrol cars.	
