index	#1 Label	#2 ImageID	#3 String	#3 String
4	0	195984.jpg	Millions For Trayvon September 7 - - - - Shut Down $T$	New York City
141	0	73093.jpg	$T$ officer injured after vehicle flips at Ashland Montrose . Intersection closed , avoid	CPD
152	0	41899.jpg	Broomfield family says Keith left a good job w family business and was aware of dangers fighting $T$ # FOX25	ISIS
271	0	1097769.jpg	One is a former Dem Senator that was never charged with a crime despite defrauding people . The other is $T$ .	Jon Corzine
274	0	36619.jpg	$T$ is Suddenly Dangerous to Apple and Google MSFT AAPL GOOGL	Microsoft
312	0	14478.jpg	Usually sceptical of celebrities : $T$ is different with consistent commitment - in tradition of . @ miafarrow	AngelinaJolie
365	0	1697370.jpg	RT @ DanceGoaIs : $T$ killed it !	Chris Brown
475	0	14135.jpg	What are these $T$ peacekeepers afraid of ? The semi - starving popn they are protecting ? How not to wun hearts amp minds	UN
497	0	383155.jpg	RT @ 420THCKing : $T$ needs a high as fuck category .	Netflix
507	0	42094.jpg	Jurors watching split video day after $T$ murder . # AaronHernandez plays w baby and in pool w alleged accomplices	Lloyd
562	0	66073.jpg	RT @ dailykos : A lie in the $T$ defense in the shooting death of Mike Brown that just won ' t go away	Darren Wilson
568	0	68079.jpg	RT @ heathertal : Dr . Khan , of Sierra Leone , was invited to spend the summer at Harvard , but he stayed to fight $T$ . He died at 39 .	Ebola
653	0	403345.jpg	ICYMI : @ SLUHospital CEO $T$ to step down after @ SSMHealth deal # healthcare	Sowa
743	0	24261.jpg	RT @ FT : Alan Greenspan : $T$ has ceded to the US its power over oil price	Opec
802	0	1422199.jpg	# Syria Children look at seized weapons from $T$ ( Islamic State ) in Kobane . By Yasin Akgul # AFP	IS
839	0	636009.jpg	RT @ SportsCenter : BREAKING : $T$ PG Kyrie Irving will miss rest of NBA Finals with a fractured left kneecap .	Cavs
951	0	593197.jpg	# BREAKING $T$ is closed at 32nd Street due to an accident . Use Thomas or Camelback instead .	WB Indian School Road
1001	0	70899.jpg	Occupational hazard : Linesman Derek Amell takes a hit as he breaks up Oduya and $T$ . Photos :	Brown
1017	0	73798.jpg	RT @ chicagotribune : Sign points to Emanuel , $T$ faceoff . ' The mayor thinks the sign is awful ' @ BlairKamin reports h	Trump
1091	0	1931560.jpg	RT @ FootyHumour : Sums up $T$ in this World Cup .	Argentina
1113	0	1837247.jpg	RT @ eyeonnewroc : $T$ state thruway	New york
1179	0	13468.jpg	What do health heroes look like ? Dr Lucille Corti died $T$ 1996 , Dr Lukwiya died Ebola 2000 . 52yrs serving # Uganda	AIDS
1208	0	94336.jpg	RT @ dvmonique : $T$ had me like . .	PCB
1326	0	65339.jpg	RT @ RembranceOfPast : In 1963 , wives say goodbye to their loved ones in the $T$ .	Navy
1333	0	420655.jpg	RT @ ArizonaDOT : A collection of debris is blocking the right lane of L - 202 West at $T$ .	Scottsdale Road
1343	0	842871.jpg	RT @ mosiahtosh : RIP $T$ . Pouring a 40 out for u bro	Dan
1360	0	552211.jpg	Full statement from @ louisvillemayor on controversial letter from $T$ FOP president .	# Louisville
1423	0	528640.jpg	Watch Out ! The Beginning Mall of $T$	San Juan
1441	0	356303.jpg	RT @ cnni : Children for sale are heartbreakingly easy to find in ravaged $T$ :	Nigeria
1449	0	1815604.jpg	Police plow through Portland St but crowd splits into 3 at $T$ . # umhk # occupyhk	Shan Tung St
1553	0	420735.jpg	Gunfire at $T$ house party leaves 1 dead .	Glendale
1594	0	503784.jpg	BREAKING : $T$ vote delayed til 2pm . Still time to call Senate 1 - 985 - 222 - CISA or @ idltweets	# CISA
1610	0	1482680.jpg	$T$ and Luna working shit out	Bailey
1650	0	74601.jpg	RT @ WORLDSTARC0MEDY : $T$ and Willow Einstein too advanced for us	Jaden Christ
1674	0	1104526.jpg	$T$ stil misjudges my music taste sometimes . Is there anyone who likes both Luke Vibert AND Britney Spears ?	Apple Music
1701	0	441989.jpg	RT @ TEA5E : $T$ is bad af	Tianna
1739	0	812538.jpg	I seem to remember Draymond Green flopping at the end of game which killed the $T$ comeback . . .	# Rockets
1746	0	37887.jpg	RT @ EconBizFin : Why has a $T$ executive just been sent to prison ?	Korean Airlines
1770	0	706270.jpg	RT @ MikaelForssell : @ Joey7Barton $T$ is too cool for school !	Pirlo
1871	0	496961.jpg	RT @ ChrisJOrtiz : Subway is scrubbing the very existence of $T$ .	Jared
1924	0	421086.jpg	RT @ ArizonaDOT : Wet and windy on L - 101 Agua Fria at $T$ . Drive safely , folks !	75th Ave
2013	0	1815421.jpg	More police sent towards $T$ and Sai Yeung Choi street . # OccupyHK	Soy
2033	0	34667.jpg	RT @ AndreaRussett : $T$ . . . . I need explanations	London
2255	0	377.jpg	Huh ! ? Smh RT @ ComedyCentralKE Terrible day for $T$ . # GarissaAttack # KenyaAttack	Kenyans
2299	0	6700.jpg	RT @ thehill : $T$ has now lasted 469 days , spent 4 million :	Benghazi Committee
2320	0	1703971.jpg	RT @ TeenWolfTalk : $T$ I think you have the wrong show # ThisIsntSmallville	Garrett
2387	0	291682.jpg	RT @ CNBC : JUST IN : A protester just rushed $T$ during an ECB pressser . Watch :	Mario Draghi
2419	0	1751718.jpg	RT @ WESH : Allegiant flights cancelled , delayed in $T$	Orlando
2454	0	1045698.jpg	RT @ BFI : RIP $T$ ( The Great Escape , The Rockford Files )	James Garner
2557	0	573903.jpg	RT @ YepillPosts : 8 years today R . I . P to the GOAT $T$	Steve Irwin
2598	0	72129.jpg	The day the $T$ sank : 15 yrs on , Russia remembers ,	Kursk
2617	0	36320.jpg	$T$ looks extremely apocalyptic at the moment	Hong Kong
2631	0	37454.jpg	RT @ BuzzFeedUKPol : Shocking news about Sir $T$ :	Menzies Campbell
2669	0	117690.jpg	RT @ ForeignAffairs : Why cheap oil is bad news for $T$ :	Latin America
2694	0	122206.jpg	RT @ threatintel : # vulnerability : $T$ # Apple ID Dictionary attack tool surfaces on GitHub	iCloud
2727	0	1942927.jpg	RT @ TumbIrsPosts : $T$ died when they stopped doing this	Disney
2853	0	115111.jpg	RT @ dysondoc : The new $T$ book is a bit dark .	Enid Blyton
3030	0	64593.jpg	RT @ TSBible : Leicester ' s $T$ amp Northampton ' s Salesi Ma ' afu tweets ' after fighting each other on the rugby pitch yesterday !	Tom Youngs
3113	0	46124.jpg	RT @ verge : The $T$ may be editing the Wikipedia pages of people it killed	NYPD
3161	0	71312.jpg	$T$ battles in the crease as Pekka Rinne makes a first period save # Blackhawks	Jonathan Toews
76	1	1009286.jpg	@ harunmaruf : Outside # BuloMarer , AMISOM commander $T$ . Dick Olum finds a souvenir after al # shabab were overwhelmed !	Gen
256	1	93160.jpg	$T$ over open innovatie in partnerships .	Robert Stadman
389	1	811385.jpg	Road Trip To $T$ , Mexico : explore sights around Cancun # exploremexico # expat # gonative	Valladolid
443	1	70417.jpg	$T$ says Dyett High to reopen as arts - focused school hunger strikers not appeased	CPS
503	1	1685058.jpg	Congratulations to Jeff Parham , the winner for $T$ Judge in Weakley and Obion Counties . # RedToTheRoots	Circuit Court
511	1	1492818.jpg	RT @ CBSNews : $T$ recalls more than 600 , 000 Hybrid Prius vehicles - @ CBSMoneyWatch	Toyota
533	1	1777534.jpg	Where is $T$ ?	Nadine
564	1	555753.jpg	RT @ dazerac : $T$ . France	Corsica
580	1	14824.jpg	My coworker made cookies that look like $T$ from Monsters Inc .	Sulley
588	1	63304.jpg	RT @ MUFCScoop : Xavi : Maybe one small regret is that I never got to play with $T$ . # MUFC	Paul Scholes
618	1	74386.jpg	$T$ city nj	Atlantic
746	1	73216.jpg	Rookie Kyle Fuller with the game - changing INT in the 4th , taking the ball away from $T$	Crabtree
897	1	70206.jpg	RT @ Claritas : Dream job ? The hottest career in $T$ is compliance officer	America
1040	1	1007628.jpg	RT @ SlyDude3677 : Elizabeth Warren on the Supreme Court . . . . . # uniteblue # tcot $T$	# scotus # warren
1110	1	74039.jpg	RT @ SportsCenter : Intense . . . $T$ and Bethe Correia are ready for UFC 190 .	Ronda Rousey
1240	1	73056.jpg	Coal miners in downstate $T$ , Ill . listen to Bruce Rauner . Campaign trail photos : # twill	Cutler
1268	1	541745.jpg	RT @ Bipartisanism : $T$ shoots a rainbow out of his hand as he departs from # Jamaica .	President # Obama
1319	1	414512.jpg	RT @ WanderlustersUK : My 4 Wheeled Adventure Across $T$ # wluk # ttot	Nepal
1344	1	92231.jpg	COME SI SELEZIONA $T$ . . . . .	UN FONDO DI INVESTIMENTO
1357	1	1292823.jpg	RT @ nbcbayarea : # BREAKING : King of Blues Legend B . B . King has died in $T$ at age 89 .	Las Vegas
1378	1	93286.jpg	RT @ Cooking Light : One bite will take you straight to $T$ :	Italy
1394	1	506699.jpg	# Preds also sign forward $T$ - - gt and D - man Conor Allen - - gt	Max Reinhart
1551	1	627575.jpg	$T$ welcomes reconciliation with IU 10 members of 1969 @ HoosierFootball team .	Indiana University
1559	1	72015.jpg	Wet feet , Costa Rica and $T$	Maine
1583	1	64908.jpg	RT @ EarthPicturz : $T$	Big Island of Hawaii
1585	1	1084185.jpg	@ TheWalkingDead got my Daryl shirt , walking dead pajama pants and my $T$ fleece blanket . @ wwwbigbaldhead	Daryl
1586	1	14805.jpg	RT @ Nicarzani : Largest crowd ever for a $T$ interview ? @ rogerfederer @ TennisEurosport @ mwilander @ Babsschett # USOpen	TV
1589	1	70862.jpg	Lightning wake up in the 2nd period as JT Brown hits Johnny Oduya . $T$ blog :	# Blackhawks
1606	1	330476.jpg	RT @ PhillyTechWeek : We are doing this thing at $T$ . Mobile marketing and ecommerce trends !	URBN
1695	1	419401.jpg	RT @ DavidHallberg : Novikova interviewing Vasiliev on $T$	Saprtacus
1759	1	459056.jpg	RT @ ltsChuckBass : I am $T$	Serena
1764	1	13968.jpg	RT @ Grapeapplesauce : $T$ using non Apple technology	Graser
1840	1	169477.jpg	RT @ WSJ : $T$ is leaning toward a 2016 run	Joe Biden
1866	1	771939.jpg	RT @ telesurenglish : UN General Assembly Votes For End to US Blockade on $T$	# Cuba
1935	1	24114.jpg	RT @ LibertyLynx : Adidas to close 200 shops in $T$ March 05 - CNNMoney Oh no !	Russia
1975	1	46201.jpg	RT @ airlivenet : VIDEO Worlds Biggest Miniature Airport ( $T$ ) , just amazing !	Hamburg
2026	1	700458.jpg	Randy from $T$ knows how to wear a good sock . Hide it under your boot for extra warmth . # tweetusyoursocks	America
2060	1	64481.jpg	RT @ openculture : The Library Card Signed by 13 - Year - Old $T$ . The King would have turned 80 today .	Elvis Presley
2125	1	13913.jpg	1 2 from $T$ . Meaning follows # genprev # AgainstATideOfEvil	Neka Art Museum Ubud
2144	1	512173.jpg	RT @ VICE : We followed the notorious Pink Panther gang as they stole diamonds across $T$ :	Europe
2202	1	65250.jpg	RT @ mjesusgz : Swans and Damavand peak by $T$	Hadi Mohsentabar
2224	1	420695.jpg	Salmonella outbreak linked to cucumbers 66 cases in $T$	Arizona
2374	1	1449502.jpg	RT @ KRAEZYClothing : $T$ MADE # CreativeHustlersTradingPlaces	LONDON
2411	1	1766098.jpg	$T$ REVIEW : NIGHT OWLS begins with things in motion and unfolds theatrically .	SXSW
2535	1	546111.jpg	Massive talent Morgan Karr takes NY by storm at The Mercury Lounge . Gracias for the $T$ tip @ TessFenn @ AlejandroFenn	the
2544	1	1949707.jpg	RT @ kyungsoo stan : Expectation : $T$ teaser photos Reality : Chanbaek teaser photos	EXO
2565	1	116607.jpg	Glamour and Sophistication in this $T$ : # luxury # decor RT @ theartofbespoke	Hyde Park Apartment
2602	1	1306480.jpg	RT @ iJDBsbelieber : same miley # MTVHottest $T$	Justin Bieber
2708	1	728695.jpg	Please welcome Ann Meyerhoff to the City ! $T$ started as an office assistant last month .	Ann
2760	1	524826.jpg	RT @ GreatOldPics : $T$ and his therapist . Happiness in intelligent people is the rarest thing I know .	Einstein
2827	1	332783.jpg	RT @ JohnsonCOIAGOP : @ millermeeks announcing # IA2 candidacy at $T$ meeting	Johnson Co GOP
2841	1	558375.jpg	RT @ thewonderwheel : Bill Murray as $T$ ? Yes , please ! # SDCC	Han Solo
2845	1	74866.jpg	When u too cheap for $T$	Disney
2871	1	65561.jpg	RT @ nytimes : $T$ mandates vaccines for schoolchildren	California
2883	1	415582.jpg	Happy 4th , Marin ! Photos from Corte Madera - Larkspur Patade # 4thofjuly $T$ # marclevine	# Marin
2965	1	90371.jpg	RT @ lionsofficial : The @ lionsofficial squad who will do battle in Hong Kong amp $T$ . Go Lions ! # lionstour	Australia
2979	1	540353.jpg	RT @ Emeril : $T$ at NOCCA dinner # emerilorg # dessert	Pecan Madeleines
3050	1	1024742.jpg	$T$ today , forgleams of # summer . Still on a high from playing 3hrs Romantic Classics @ thefoweyhotel last night	# Newquay
3059	1	552740.jpg	Hushed conversations continue before House unveils changes to $T$ bill . # kyga15	# heroin
3099	1	1083999.jpg	Ghost hunting this Saturday at The Wardrobe , $T$ ! !	Salisbury
89	2	515898.jpg	RT @ THEMAZElSACODE : RT if $T$ is your favorite character in The Maze Runner trilogy !	Newt
125	2	450320.jpg	RT @ KardashianReact : John loves his wife so he holds her hand . Kanye loves $T$ so he holds Kanye hand .	Kanye
155	2	506192.jpg	Free drinks ? Magic ! Register your $T$ amp start earning the way to Gold : # goforgold	Starbucks Card
170	2	93184.jpg	RT @ T twitt : $T$ amp Julie Christie	Raquel Welch
257	2	470112.jpg	RT @ ManchesterFarmQ : Everybody loves @ Bigbadchef including $T$ @ # biggayms @ citygrit	Morgan Freeman
345	2	209459.jpg	RT @ Irenie M : # Retweet this to share why one former # GOP Senator and Vietnam Veteran is supporting $T$ # Obama : v . . .	Barack
371	2	73183.jpg	From such great heights . . . # chicago showing off from the $T$ building roof # skyline # pano	Leo Burnett
579	2	72035.jpg	RT @ fckali : $T$ O ' Connell went from baby to daddy in like 0 . 02 secs	Jack
636	2	417068.jpg	$T$ opens in HP to offer affordable items and help to families in need .	New Salvation Army Family Store
644	2	698417.jpg	Here is me with the 2005 European cup hero $T$ what a player what a lad # lfc # legends	Vladimir Smicer
668	2	216094.jpg	RT @ GarethBale11 : Great end to my first day in Jakarta with dinner at $T$ ! # Delcious	Ebeya
759	2	73791.jpg	Come fly the friendly skies . $T$	Washington Dulles
785	2	73514.jpg	RT @ redbullracing : Congratulations to friend of @ redbull Sebastian Vettel and @ ScuderiaFerrari on winning the # MalaysiaGP ! $T$	# F1
796	2	74082.jpg	$T$ hertl with a bunny rabbit , I literally can ' t even right now .	Tomas
837	2	1286081.jpg	St . Athanasius , Pray for us . May we always grow in knowledge amp love of our Lord , $T$ . # Catholic # CatholicSTL	Jesus
854	2	2058152.jpg	RT @ MYBUCKETLlST : Beautiful $T$ .	Arctic River
937	2	93985.jpg	The # BundleOfJoy baby is cute , but Eddie and Debbie sure had cute ones of their own . $T$ amp Todd . # tcmparty	Carrie
938	2	93985.jpg	The # BundleOfJoy baby is cute , but Eddie and Debbie sure had cute ones of their own . Carrie amp $T$ . # tcmparty	Todd
1070	2	62671.jpg	RT @ BusbyBulletin : $T$ with a classy message to the fans to thank them for their support . Second to last line is brilliant . # MUFC ht	Tom Thorpe
1086	2	980945.jpg	Eric Afable looking great for his wedding day today . Dressed and fitted by $T$ . # wedding # tux	Black Tie Formalwear
1109	2	1995426.jpg	Pretty , minimalist fashion illustrations by $T$	Tobie Giddio
1138	2	67792.jpg	RT @ GuardianUS : $T$ and YouTube now make up a majority of US internet traffic . See for yourself :	Netflix
1252	2	825646.jpg	RT @ jeffkazee : Backwards setlist ! $T$ , Sweden was lovely . . . on a bus overnight to Norway . . .	Stockholm
1276	2	50439.jpg	My hamster . On my piano . Eating popcorn . On my piano . I named him $T$ . I loves him . # brilliant @ MrDerekNoakes	Derek
1324	2	647640.jpg	@ heatheradamo check out these guys from $T$ ! # SJOR	Philly
1347	2	464273.jpg	Congratulations to $T$ @ laceysan on being crowned Miss Louisiana 2014 ! # MA2015 # MissAmerica	Lacey Sanchez
1398	2	1291819.jpg	$T$ is shoveling snow ! ! ! Lol	John
1404	2	2130428.jpg	Let the Clericus cup begin . $T$ will do well . @ p hectoraranda @ MiguelA19461104 @ Pontifex	Altomonte College
1433	2	72380.jpg	RT @ RobRomig : $T$ ' s incredible Heisman moment : Sunday ' s @ registerguard @ rgsports cover . @ daviesphoto @ tompenix @ rgduckfootball	Mariota
1511	2	117929.jpg	RT @ baghdadinvest : Love this . This is how $T$ has been for years , everyone living side by side : - )	# Iraq
1577	2	67483.jpg	RT @ Slate : We won ' t see a $T$ like this for 100 years . Here ' s why today is so special : # PiDay	Pi Day
1622	2	21710.jpg	RT @ logan bik : $T$ and his son look like the type of people who go purging .	Donald Trump
1632	2	72634.jpg	Happy $T$ , Chicago . # legoman	Halloween
1875	2	71865.jpg	$T$ Teuvo Teravainen lost in the ice spray . They trail the Stars 3 - 2 after one period	# Blackhawks
1921	2	93980.jpg	North49 family continues to grow ! Welcome $T$ and Thanh Lai , our bright new software engineers .	Mike Anderson
2008	2	90245.jpg	RT @ StanCollymore : Just saved myself 90 sheets . Cone on $T$ ! !	England
2039	2	74724.jpg	RT @ Pac12Networks : # TBT , # NBAFinals style From Tucson to Oakland , $T$ is making it happen .	Steve Kerr
2157	2	73837.jpg	Too close # Blackhawks $T$ celebrates his goal in the 1st . Trib photos :	Saad
2162	2	636958.jpg	RT @ JeremyNicolls : $T$ . . . 2015 NBA FINALS MVP !	Riley Curry
2172	2	29716.jpg	RT @ etv : Sigh , $T$ is back in the news ! DJ Zinhle confirms AKA amp Bonang affair .	AKA
2278	2	1014188.jpg	RT @ NBAonTNT : Join us in wishing $T$ a Happy Birthday and continued well wishes !	Craig Sager
2300	2	454067.jpg	RT @ 94sidiot : $T$ has THE BEST FRIENDS EVER # NiallAppreciationDay	Niall
2410	2	115643.jpg	Listen to $T$ : Remixed by Apple Music Pop on @ AppleMusic . https : t . co HNzPKKxJjK	Ellie Goulding
2424	2	1096585.jpg	Get down to the $T$ to donate ! Every penny helps .	Giles statue
2442	2	486167.jpg	RT @ chelseafc : Our last 10 league games away at Stoke City . . . $T$	# CFC
2446	2	715543.jpg	I should become a doctor so I can afford one of these . # LandRober # defender90 # Hipstamatic $T$ # BigUp	# Susie
2474	2	92321.jpg	Pastor @ keithcraft is on The 700 Club at $T$ today ! Tune in tonight for an amazing word on # yourdivinefingerprint	CBN
2506	2	64700.jpg	RT @ FightingIrish : @ NDFootball with a strong defensive effort to beat Stanford 17 - 14 . $T$ with 14 tackles . Details :	Jaylon Smith
2615	2	1823300.jpg	$T$ pls married	Namsong
2658	2	423085.jpg	It was a pleasure to welcome the $T$ ( NDRC ) to Milton Keynes today .	National Development and Reform Commission
2677	2	90812.jpg	$T$ 6 Hudson 2 W # statetourney # 10aaa	Hastings
2682	2	688935.jpg	RT @ ManUtd : Retweet for @ WayneRooney to win man of the match against Sunderland . $T$	# mufc
2715	2	322023.jpg	$T$ lives ! - Currently adorning Cambridge infrastructure	Margritte
2824	2	94207.jpg	RT @ JohnFugelsang : $T$ amp Hemingway . Good morning .	Spencer Tracy
2937	2	769533.jpg	RT @ SMTOWNGLOBAL : SMTOWN $T$ KRIS amp SU HO amp U - Know right before show time ! The show will begin soon !	BANGKOK
2940	2	769533.jpg	RT @ SMTOWNGLOBAL : SMTOWN BANGKOK KRIS amp SU HO amp $T$ right before show time ! The show will begin soon !	U - Know
2970	2	1759454.jpg	RT @ mandy1965 : @ laura scfc night $T$ ! ! I leave u with this .	Laura
2997	2	425019.jpg	Happy $T$ , Finland ! # proudtobeafinn	Independence day
3024	2	70886.jpg	$T$ kicks a puck away from Palat to win a first period face - off . # Blackhawks blog :	Marcus Kruger
3160	2	682208.jpg	Happy Birthday to world champion $T$ @ dare duric ! What do you wish him ?	Darko
