index	#1 Label	#2 ImageID	#3 String	#3 String
7	0	280704.jpg	Former Bridgecorp boss $T$ will be released from jail next month .	Rod Petricevic
229	0	159708.jpg	RT @ HuffPostSports : Legendary NBA dunker $T$ dead at 58	Darryl Dawkins
270	0	1097769.jpg	One is a former $T$ that was never charged with a crime despite defrauding people . The other is Jon Corzine .	Dem Senator
330	0	14084.jpg	RT @ SportsNation : $T$ . . . how does it feel to have the most missed FGs in NBA history ?	Kobe
338	0	1433003.jpg	Um . . . Is $T$ the worst prime minister in history ? PART TWO National @ NatObserver # cdnpoli	Harper
442	0	1042297.jpg	RT @ timesofindia : Indian scientists came close to predicting $T$ quake	Nepal
483	0	1723295.jpg	RT @ Ginger Zee : Florida : tornado warning includes $T$ ! Take a look and take cover if you are in red box :	Panama City
536	0	704373.jpg	RT @ BloombergTVInd : Global Set - Up : $T$ Crude futures tumble towards six - year lows down 7 last week .	Nymex
575	0	158193.jpg	Brave 11 - Year - Old # LoganFairbanks Confronts $T$ Cyberbullies ( WATCH NOW ) @ DadVsLogan	YouTube
628	0	74266.jpg	RT @ kiii3news : Tropical Storm Warnings now in effect from $T$ to Galveston Bay .	Baffin Bay
692	0	112167.jpg	This Halloween , the scariest place may be an overnight shift at the $T$	Security Operations Center
757	0	73186.jpg	Watching a 128 - year - old house disappear in $T$	Lincoln Park
791	0	638010.jpg	This is insane : my T - Mobile LTE vs what I pay for at home . I think I may just cancel $T$ internet	TWC
819	0	1766655.jpg	$T$ : Most of this movie is one scene , repeated over and over . By @ DanSchindel .	THE GAMBLER
820	0	1751828.jpg	RT @ whpresscorps : RT @ Reddy : $T$ , the son of Joe Biden , has died . The @ VP statement :	Beau Biden
899	0	858471.jpg	RT @ ahencyclopedia : Breaking news : $T$ has fallen to ISIS .	Palmyra
1078	0	410665.jpg	RT @ sounderatheart : That $T$ stomp on Clint Dempsey was pretty ugly	Marcelo Sarvas
1099	0	1026603.jpg	# Syria refugee kids locked up in $T$ police stations get skin diseases due to horrid conditions amp no natural light	# Egypt
1219	0	41900.jpg	NOW : Family of Massachusetts man killed fighting $T$ in Syria speaking to reporters . # FOX25	ISIS
1220	0	41900.jpg	NOW : Family of Massachusetts man killed fighting ISIS in $T$ speaking to reporters . # FOX25	Syria
1309	0	1890173.jpg	Body found in New Jersey river identified as missing $T$ reporter .	Wall Street Journal
1328	0	41947.jpg	A Sudbury couple killed in the $T$ . . . their adopted son accused . . . Those that knew them at 10 and 11 # fox25	USVI
1369	0	581668.jpg	How sad . . . # CyclonePam : dramatic drone footage shows extent of damage in $T$ Via @ SBSNews	Vanuatu
1397	0	970987.jpg	Train drivers are marching through the city to $T$ during strike action	Adelaide Railway Station
1399	0	109248.jpg	RT @ dcexaminer : Most newsrooms downplayed reports soldiers died while searching for $T$	Bergdahl
1445	0	36079.jpg	$T$ Stock Fades as Risk Explodes and Here Comes Apple NFLX AAPL	Netflix
1495	0	23796.jpg	RT @ The Millions : $T$ writes like a man in a fever dream .	Kent Russell
1523	0	93913.jpg	RIP , $T$ . 1910 - 2014 .	Luise Rainer
1535	0	62836.jpg	RT @ TransferSite : $T$ . . . The next victim !	Jerome Boateng
1556	0	1317539.jpg	RT @ GlobalAnimals : Mass dolphin deaths in $T$	Peru
1607	0	128613.jpg	RT @ TheAtlantic : Russian opposition leader $T$ gunned down in Moscow	Boris Nemtsov
1637	0	62542.jpg	RT @ Cap Institute : ALERT : $T$ Is Helping Hide These Rapists From America They Could Be Next Door # tcot	Obama
1815	0	702499.jpg	RT @ TheNatsBlogJoe : Seriously , how do you not like $T$ ? # Nats	Bryce Harper
1834	0	522489.jpg	RT @ Cubs : # Cubs win ! Final : Cubs 2 , $T$ 0 ( plus a Jake Arrieta no - hitter ) . # LetsGo	# Dodgers
1835	0	522489.jpg	RT @ Cubs : # Cubs win ! Final : Cubs 2 , # Dodgers 0 ( plus a $T$ no - hitter ) . # LetsGo	Jake Arrieta
1919	0	647485.jpg	Aftermath of explosion in $T$ 78757	Brentwood
1927	0	119118.jpg	RT @ CommonBlackGirI : $T$ was bad idgaf	Shego
2024	0	15249.jpg	RT @ irauhlcarlyrae : $T$ tweeted # mybeliebers so Beliebers trended # ourjustin	Justin
2050	0	551759.jpg	Our next show ! We are raising money for 4 year old Slaters $T$ therapy ! Join us in Riverside , CA ! Sat May 16 .	Stem Cell
2086	0	73280.jpg	Campaign fun : Touring Illinois with Gov . $T$ on minimum wage	Quinn
2160	0	15685.jpg	RT @ MichaelSkolnik : SHE HAS A NAME : $T$ , a longtime church member was killed at AME Church last night .	Susie Jackson
2182	0	114191.jpg	RT @ Bipartisanism : This grandma has a message for $T$ lawmakers . # BoycottIndiana	Indiana
2221	0	1796104.jpg	RT @ JoshuaAuger : When you loose your mum in $T$	tesco
2277	0	137599.jpg	RT @ ABSCBNNews : $T$ to face firing squad sans blindfold , handcuffs	Mary Jane
2295	0	71734.jpg	Mies towers , $T$ Center , Dirty sunroof # Chicago	Hancock
2348	0	896.jpg	RT @ SportsCenter : We are heartbroken to report that $T$ has died after a long fight with cancer . He was 49 .	Stuart Scott
2391	0	1873925.jpg	RT @ ConceptGrp : The government is basically throwing in the towel ? $T$	Brazil
2459	0	48637.jpg	RT @ business : Once the 2020 Olympics are over , $T$ faces a bleak future	Tokyo
2562	0	421612.jpg	AMBER ALERT : $T$ taken near Snowflake in dark green 2000 BUICK LLF , AZ plate BLA4754 . Call PD 928 - 524 - 4050	Miya Siverly
2640	0	409855.jpg	RT @ GlazerBooHooHoo : Sometimes I scroll through $T$ and it sounds like this	Twitter
2700	0	8735.jpg	@ ChesterCheetah why there is no hot cheetos in $T$ ? ? ? jus finished one pack sent frm Boston but i need more . . .	canada
2831	0	477410.jpg	$T$ is still around . Expected to become post - tropical tomorrow . @ PIX11News	Fred
2906	0	70414.jpg	RT @ ChiTribPhoto : A member of the audience shouts at $T$ during a public hearing of the city budget # Chicago # mayor	Mayor Rahm Emanuel
2941	0	478434.jpg	Severe t - storm warning in effect for $T$ and Somerset Counties through 4pm . 60 mph gusts possible . @ PIX11News	Morris
2999	0	126772.jpg	$T$ is flooding !	Oklahoma
3010	0	620161.jpg	RT @ funnytwittingg : OBAMA TO ISRAEL ? OBAMA TO UKRAINE ? $T$ TO USA ?	OBAMA
3016	0	12383.jpg	@ JihadistJoe from the dorm of Islamist students supporting $T$ in egypt	Morsi
3115	0	269713.jpg	When $T$ @ NarcisseforIowa announced he was running for # iagov ( again ) # iapolitics	Jonathan
3116	0	1834906.jpg	RT @ Oval station : Friday 12th June Thought Of The Day From Oval Station By Sir $T$ 1922 - 2015 RIP	Christopher Lee
3136	0	552887.jpg	Traffic is moving again after # LMPD clears up $T$ bus crash at 7th and Algonquin . # Louisville	# JCPS
23	1	559998.jpg	$T$ holds its own mini - parade around 70th anniversary of WWII victory : https : t . co JNz6Ocp595	Taiwan
35	1	73141.jpg	RT @ Cosmopolitan : It ' s OK if these sexy shirtless photos of TFIOS ' $T$ makes you . . . feel things	Ansel Elgort
119	1	1042378.jpg	Children were part of history in $T$ , 1965 : # OccupySELMA	# Selma
123	1	450320.jpg	RT @ KardashianReact : $T$ loves his wife so he holds her hand . Kanye loves Kanye so he holds Kanye hand .	John
221	1	73085.jpg	Kirk Hinrich gets the gameplan : more pictures $T$	# Bulls
335	1	34470.jpg	RT @ BeschlossDC : Young $T$ writes President Franklin Roosevelt 1940 asking for 10 bill : # NARA	Fidel Castro
373	1	383657.jpg	RT @ USNavy : NOW : Watch as we remember our fallen in $T$ - # ChattanoogaStrong	Chattanooga
378	1	153736.jpg	RT @ DisneyParks : PHOTOS : Learn more about traveling through $T$ with Adventures by Disney :	Austria
414	1	36756.jpg	RT @ timelessbae : Lisa Left Eye $T$ 90s	Lopez
416	1	1372843.jpg	$T$ just bought a 590 million stake in a smartphone maker	Alibaba
517	1	13149.jpg	# NationalParksWeek : Clapper Bridge at $T$ in # Dartmoor National Park	Postbridge
584	1	546779.jpg	RT @ NBA Mixes : $T$ 4 Louis Vuitton Custom	Retro
797	1	73551.jpg	RT @ ItsQueenElsa : $T$ and Mean Girls	Disney
829	1	493590.jpg	Uncle Tetsu opening cheesecake factory under the nearby $T$ via @ blogto	Toronto Coach Terminal
901	1	37016.jpg	RT @ NewNatTurner : # NathanEner Showed Up At # BlackLivesMatter in $T$ . He Was Not Ready For Quanel X !	Texas
945	1	725064.jpg	RT @ CNNMoney : $T$ has filed a suit against Gawker . via @ gregorywallace	Quentin Tarantino
1010	1	1014176.jpg	RT @ EarthPix : Misson Beach , $T$ , Australia By Matt Glastonbury	Queensland
1028	1	1813464.jpg	RT @ Cmdr Hadfield : Mexico City , one of the largest metropolitan areas on Earth - housing roughly the same population as $T$ . http : . . .	Australia
1039	1	1007628.jpg	RT @ SlyDude3677 : Elizabeth Warren on the $T$ . . . . . # uniteblue # tcot # scotus # warren	Supreme Court
1042	1	90019.jpg	RT @ dreamteamfc : Still coming to terms with the fact that Charlie Adam and $T$ are both 29 .	Ibrahim Afellay
1055	1	34879.jpg	RT @ Esthermccarthy : The new $T$ landscape is starting to look a lot like Maggie Simpson # GE2015	UK
1092	1	1931560.jpg	RT @ FootyHumour : Sums up Argentina in this $T$ .	World Cup
1160	1	65477.jpg	RT @ mjesusgz : $T$ by Alan Wolton - # pintura # art # artwit # twitart # fineart # painting	Royal Red Lilies
1162	1	1444271.jpg	RT @ AmericanaFest : $T$ was born on May 24th 1941 in Duluth , MN . Happy Birthday , Bob !	Robert Allen Zimmerman
1197	1	1374916.jpg	NewtonMA : Disability Awareness Book Club at $T$ via @ PragmaticMom	Newton Free Library
1205	1	903187.jpg	Pick of the day : Honest , $T$ . A new play about a run - down street in Horfield .	Alma Tavern Theatre
1292	1	73075.jpg	Naked mannequins , tastefully photographed . Carbondale , $T$	IL
1528	1	20061.jpg	@ PzFeed : Smart Car tipping is the new trend in $T$ . classic ! But Isnt ths bullying	San Francisco
1549	1	213694.jpg	RT @ Gabriele Corno : Summer Time . . . . . . . . by $T$	Elena Karagyozova
1587	1	70862.jpg	Lightning wake up in the 2nd period as $T$ hits Johnny Oduya . # Blackhawks blog :	JT Brown
1662	1	74170.jpg	Headed home at the Adler train station . $T$ Photos :	# Sochi
1710	1	1693629.jpg	The starting point of all achievement is desire . - $T$ . . .	Napolean Hill
1726	1	445423.jpg	RT @ xTabbyKatt : Shannon and $T$ - Up in the Air photoshoot :	Jared
1733	1	12852.jpg	Imagine if 75 of $T$ villages had been flattened in past 5 years : that is the # CostofInaction @ WagingPeaceUK	British
1765	1	13968.jpg	RT @ Grapeapplesauce : Graser using non $T$ technology	Apple
1810	1	8146.jpg	RT @ raichanxd : 1200 people gathered in $T$ to pray for the passengers of Sewol accident # PrayForSouthKorea	Ansan
1825	1	933511.jpg	Where is $T$ ? RT @ photochowder : President Barack Obama waves after arriving at Phoenix Sky Harbor Airport . # POTUS	Jan
1870	1	496961.jpg	RT @ ChrisJOrtiz : $T$ is scrubbing the very existence of Jared .	Subway
1965	1	26983.jpg	RT @ burtonsnowboard : Burton is proud to unveil the 2014 Olympic $T$ Uniform . # BurtonUSA	US Snowboard Team
2119	1	820380.jpg	Great to be at New Beginnings Church with @ CoreyBBrooks in $T$ !	Woodlawn
2164	1	67288.jpg	RT @ zaibatsu : $T$ ' s new student loan scheme : Subprime loans are coming to financial aid : # HigherEd	Wall Street
2165	1	67288.jpg	RT @ zaibatsu : Wall Street ' s new student loan scheme : $T$ are coming to financial aid : # HigherEd	Subprime loans
2246	1	93885.jpg	$T$ # Wheaties	Jim Thorpe
2291	1	64738.jpg	RT @ judgealexferrer : Work ' s done so I ' m relaxing with my buddy Richie at his $T$ bar Mickey Spillane ' s in Hell ' s Kitchen . Good times . http	NY
2292	1	64738.jpg	RT @ judgealexferrer : Work ' s done so I ' m relaxing with my buddy Richie at his NY bar $T$ ' s in Hell ' s Kitchen . Good times . http	Mickey Spillane
2307	1	2134355.jpg	This is Parsley Bay in $T$ , Australia . Photography by Michael Domaradzki # BeautifulPlaces # Travel	Sidney
2333	1	126029.jpg	Melissani Cave @ Kefalonia , $T$ via @ thefancy	Greece
2386	1	552201.jpg	@ rossauger Hey Ross please check out this Metal Show in $T$ !	Vegas
2491	1	478547.jpg	RT @ andrea 4520 : My tulip fever by $T$	Elena Jongman
2539	1	24586.jpg	RT @ FoxNews : Cruz pushes for $T$ to arm Ukraine , as European leaders push for cease - fire	US
2609	1	593471.jpg	$T$ Lisa Benson Radio for National Security SUNDAY at 1pm and 6pm MST @ SecureUSATalk	Weekends on 960 The Patriot
2621	1	321830.jpg	1 . @ LorraChaplin @ shinybluedress This is the transcript from a $T$ tribunal in 2013 The school is a boarding school	GMC
2710	1	126384.jpg	RT @ MexicoEsMagico : Puerto Vallarta $T$ .	Jalisco
2721	1	63164.jpg	Project manager $T$ , brother of owner John , explaining that the house will start to move at 1 p . m .	Mark Jansheski
2932	1	72449.jpg	Incoming Chicago $T$ speaks at Holy Name Cathedral	Archbishop Blase Cupich
2959	1	736917.jpg	In what we think of as bad dialogue , the characters talk directly to each other . $T$ # amwriting # writing	Diane Johnson
2994	1	478162.jpg	Heading north and west tomorrow ? Showers are possible in the $T$ for Saturday . @ PIX11News	Poconos
3060	1	482432.jpg	$T$ where ppl in the know go to explore heart amp history of # Lisbon # Portugal Look out for my post tmw !	Mouraria
3068	1	552622.jpg	@ noOrdinaryLove4 Hey Andrea Check out this Event for the $T$ !	Marines
3092	1	414515.jpg	$T$ bags seen at the Penang Camera Museum . # MyFest2015 # MalaysiaTrulyAsia # Penang # Malaysia # ttot	Instagram
184	2	605818.jpg	RT @ Welcome us : . @ Chirlane McCray , wife of NYC $T$ , has Bajan Ghanian ancestry ! # IHM2015	Mayor Bill De Blasio
217	2	73226.jpg	# Bears quarterbacks $T$ and Jay Cutler take the field to face the Niners in SF	Jimmy Clausen
283	2	70731.jpg	$T$ fans in Chicago ' s Lincoln Park celebrate another # USWNT goal	USA
339	2	459632.jpg	Congratulations to 2016 # MissAmerica STEM Scholarship Award winner , @ MissAmericaTN $T$ .	Hannah Robison
380	2	314364.jpg	RT @ Gabriele Corno : Cherry blossoms in $T$ # inspiration # sakura # CGE # pink	Washington DC
407	2	70028.jpg	RT @ MichelleDenisee : Best $T$ of the day goes to @ curtislepore	snap chat
451	2	638635.jpg	PHOTO : Beautifully green paddy fields along the $T$ near Chavakachcheri in Northern # SriLanka .	A32
470	2	1351289.jpg	RT @ SpencerAlthouse : The transformation is complete . $T$ is now , himself , an Oscar .	Neil Patrick Harris
523	2	91973.jpg	Congrats to $T$ W . , the winner of our iPad Mini Giveaway ! # YourDivineFingerprint # ElevateLife	Tana
528	2	21836.jpg	RT @ fadyperry : Congratulations , Steve Kerr ! ! ! Once a Spur , always a $T$ !	Spur
593	2	67960.jpg	RT @ Politics PR : Ex - Yahoo CEO : I would pay $T$ 100 million per year to relaunch his show : # p2	Jon Stewart
720	2	418057.jpg	Sweet new friend in $T$ !	Randolph County
836	2	130609.jpg	RT @ VeroBelieber21 : $T$ LOOKS SO PERFECT .	JUSTIN
838	2	1286081.jpg	St . Athanasius , Pray for us . May we always grow in knowledge amp love of our Lord , Jesus . $T$ # CatholicSTL	# Catholic
898	2	1086050.jpg	RT @ DSMEP : Visit $T$ at # NPE2015 ! Register for free !	DSM
954	2	1019833.jpg	Beautiful walk to work at $T$ hospital this morning in Kigali , Rwanda . Beats London rush hour commute ! @ SaferSurgery	CHUK
973	2	301966.jpg	RT @ HuffingtonPost : $T$ named best beach in the United States	Siesta Beach
975	2	73441.jpg	RT @ OffshoreME : Launched in 2013 , @ TechnipGroup ' s $T$ is one of the fastest , largest , and highest capability pipelay vessels http :	Deep Energy
1071	2	62671.jpg	RT @ BusbyBulletin : Tom Thorpe with a classy message to the fans to thank them for their support . Second to last line is brilliant . $T$ ht	# MUFC
1117	2	1289558.jpg	Shhh ! ! ! $T$ is sleeping ! ! ! Lol	Ralph
1195	2	1925565.jpg	RT @ Entrepreneur : Happy Birthday , $T$ .	Steve Jobs
1271	2	405380.jpg	Happy birthday to $T$ legend Thierry Henry . The Frenchman turns 38 today .	Arsenal
1314	2	50620.jpg	Thank you , $T$ ! Had an amazing time w you !	Sheboygan
1321	2	68107.jpg	RT @ voxdotcom : $T$ ' s huge weekend at the box office is a new milestone for Clint Eastwood	American Sniper
1381	2	1994028.jpg	Beautiful ink and fabric illustrations by $T$	Alli Coate
1466	2	50824.jpg	Today we honor Master Trooper $T$ , Lost in the Line of Duty 20 yrs ago . Thoughts to his family amp friends !	Dean Goodheart
1539	2	113307.jpg	Happy Birthday to $T$ ( second attempt ) .	Jean Auguste Dominique Ingres
1566	2	1315056.jpg	Good day I am $T$	Copper James
1604	2	568532.jpg	@ JodyHighRoIIer thank you Jody hope the Pronuts bring you closer to $T$	Versace
1663	2	22476.jpg	RT @ NCAA : $T$ takes the court for a game no one will soon forget . # PlayFor22	Lauren Hill
1682	2	305730.jpg	RT @ JordanStrack : $T$ presented the check for winning the 2015 Marathon Classic .	Chella Choi
1692	2	116180.jpg	10 homes for sale that have us dreaming of the $T$ @ amNewYork	Bronx
1767	2	638621.jpg	Massive crowd in Hapahuwa , # Kurunegala District , awaiting the arrival of $T$ . # SriLanka	President Rajapaksa
1836	2	1292420.jpg	$T$ bought me this . My friends are always supportive with my goals ! ! !	Don
1878	2	33905.jpg	My hometown mayors ! RT @ marty walsh : With my colleagues $T$ Mayor Sullivan amp Newton Mayor Warren .	Braintree
2011	2	1079515.jpg	RT @ tracey holloway : AQAST on the move at Georgia Tech ! @ NASA $T$	AQAST
2017	2	1345686.jpg	Rt for team Freese Fav for team $T$	Bosch
2079	2	673753.jpg	RT @ Independent : $T$ has been ranked as the seventh - best city in the world to visit	Salisbury
2096	2	13946.jpg	Spectacular opening of # UWRF14 Ubud Writers Fest - $T$ that takes me back to my own Indian roots	Balinese Hindu dancing
2111	2	26830.jpg	Congrats $T$ on winning Best Independent Film for Fruitvale at @ theaafca :	Ryan Coogler
2212	2	20849.jpg	RT @ EW : $T$ on THAT crazy streaker scene in # 7DaysinHell :	Andy Samberg
2214	2	30342.jpg	@ sexuaI : $T$ is looking fire # GRAMMYs she so right	Ariana Grande
2393	2	682357.jpg	What a great evening session ! Ukraine finishes Day 5 in 1st position of the medals table , Russia in 2nd and $T$ in 3rd	GB
2412	2	310297.jpg	RT @ Squawka : $T$ and Lionel Messi : So much class in one photo . # UCLFinal	Andrea Pirlo
2447	2	1295200.jpg	$T$ celebrates his Rossignol Cup win ! We knew there was good reason he runs our Snow School ! Congrats !	Rob Carmichael
2518	2	1855355.jpg	RT @ OldSchoolPanini : Happy Birthday to $T$	Roy KEANE
2589	2	1034408.jpg	RT @ AllistairMcCaw : Jordan Spieth at 4 years of age practicing in 1997 . The year $T$ won the # masters @ JordanSpieth	Tiger
2635	2	822028.jpg	Excellent event in $T$ tonight . Hats off to Mary Brookhart for organizing a successful event . # ListeningTour	Macomb
2758	2	139261.jpg	$T$ lifts poor farmers from poverty , saves lives @ mark lynas @ NYTimes	# GMO
2787	2	594391.jpg	BOOK GIVEAWAY ! $T$ : The Clintons vs . The Obamas by Edward Klein . . . LAST CHANCE ! !	Blood Feud
2791	2	1045634.jpg	RT @ OlivierAwards : ON THIS DAY in 1987 , $T$ died . He won an incredible 8 @ TheTonyAwards for his choreography .	Bob Fosse
2802	2	517204.jpg	This pic gets me so hyped and gives me the chills ! Senior $T$ , paying RESPECT # PrincetonPride	Hailey Martin
2820	2	414467.jpg	Life of the $T$ in Sabah . Beautiful photo by Alex Goh # MalaysiaTrulyAsia # MyFest2015 # VisitSabah # ttot	Sea Bajau
2821	2	414467.jpg	Life of the Sea Bajau in $T$ . Beautiful photo by Alex Goh # MalaysiaTrulyAsia # MyFest2015 # VisitSabah # ttot	Sabah
2939	2	769533.jpg	RT @ SMTOWNGLOBAL : SMTOWN BANGKOK KRIS amp $T$ amp U - Know right before show time ! The show will begin soon !	SU HO
2968	2	115724.jpg	@ shocklidge $T$ season 3 - catch up ! !	Orphan Black
2982	2	497191.jpg	RT @ Cpin42 : We won , $T$ . We finally fucking won .	Bert
2998	2	425019.jpg	Happy Independence day , $T$ ! # proudtobeafinn	Finland
3013	2	1459831.jpg	@ CorOfTheSUN Hi $T$ ! Busy multitasking Tuesday in NYC ! Doing well ! Same to you ! Enjoying indoor Spring blossoms ! D1291	Johnny
3130	2	1720574.jpg	$T$ mixing the album last week sounds killer ! We should be able to give you more info on a release date soon !	Andy Sneap
