index	#1 Label	#2 ImageID	#3 String	#3 String
2523	negative	2523.jpg	Canada among most vulnerable large economies. Quick, rearrange deckchairs.	
2815	negative	2815.jpg	Tweets about are serious &amp; rightly so. Thought I'd inject a little humor on the 1st of September!	
2826	negative	2826.jpg	via ?Stand clear! Parkins 'toon on Lynton Crosby jolting Harper's dead-parrot campaign back to life	
3153	negative	3153.jpg	Harper claims the problem of unsettled refugees cannot be solved by refugee settlement.	
3155	negative	3155.jpg	Politicians Lies! Numbers don't!	
3203	negative	3203.jpg	on economy: balance the budget. Small recession doesnt justify plan for 3 yrs of deficits	
3488	negative	3488.jpg	Jason Kenny Redefines ""deficit""	
3569	negative	3569.jpg	Hang-Ups | From the Chris Alexander archive:	
3593	negative	3593.jpg	the blood of and his family is on you hands.	
6945	negative	6945.jpg	Girls, Wrong Direction.	
9030	negative	9030.jpg	When calum sees you not voting	
9431	negative	9431.jpg	Me when I saw how far ahead we are	
9662	negative	9662.jpg	I'm sure this is how Calum felt when Michael figured out how to text with siri	
9835	negative	9835.jpg	The high cost of pollution not only on earth.	
10069	negative	10069.jpg	Harper Conservatives called out for anti-refugee propaganda.	
10132	negative	10132.jpg	need to take a better look at their leaders.	
10346	negative	10346.jpg	If abortion is a settled issue in then why people get upset with images of abortion?	
10495	negative	10495.jpg	""Forest City'? tree root damage at 1 site where imposed group to cut mail in	
10627	negative	10627.jpg	Already an hour late! Sigh. (@ Gate 81 in Richmond, BC)	
11155	negative	11155.jpg	If abortion is a settled issue in than why people get upset with images of abortion?	
11194	negative	11194.jpg	f abortion is a settled issue in then why people get upset with images of abortion	
12363	negative	12363.jpg	Checking out this gorgeous affordable housing bldg on with	
14632	negative	14632.jpg	Sadly I would not buy again for my girl. Destroyed worse than any shoes so far.	
15042	negative	15042.jpg	first time hearing be like..	
15298	negative	15298.jpg	Laural: In Her Own Words	
16614	negative	16614.jpg	i know omg almost all my shots of michael were like this	
18223	negative	18223.jpg	The 18th Century Village Under The Turcot Interchange Will Be Destroyed	
18235	negative	18235.jpg	Good Night Another weekend gone too soon...	
18744	negative	18744.jpg	look at the progress, with final being revealed Sept 25th!!! in	
21901	negative	21901.jpg	I have two fur babies and ALWAYS miss them terribly.	
22498	negative	22498.jpg	Three refugee children found critically ill in Austria	
22696	negative	22696.jpg	Fellas, stop coming to take care of business in house shoes &amp; hoop shorts. Unacceptable just like bonnets &amp; leggings.	
3748	neutral	3748.jpg	Will this sign influence two elections this fall?	
4157	neutral	4157.jpg	ON Network Analysts at CGI	
4627	neutral	4627.jpg	of sits for photographer at today.	
5286	neutral	5286.jpg	serving 'Top Shelf' smoothie goodness all day, erry day. Best fuel up.	
5481	neutral	5481.jpg	My gosh Josh Donaldson, Homerun	
5999	neutral	5999.jpg	This might be a great fit for you: Registered Nurse | RN | ICU -	
6337	neutral	6337.jpg	Want hot music downloads on	
6775	neutral	6775.jpg	Want hot music downloads on	
7305	neutral	7305.jpg	Want hot music downloads on	
7418	neutral	7418.jpg	Tour overseas Sept 21-28, 2015. Deadline: Sept 10 at noon.	
9268	neutral	9268.jpg	I don't know how to squad up and sometimes gets the hashtag wrong it's okay though cause	
9783	neutral	9783.jpg	Great to meet up with from here at Carifest!	
9820	neutral	9820.jpg	Colonized sonnets LXX and LXXI, written over the last three days.	
9851	neutral	9851.jpg	Ranting about Harper on Twitter is like preaching to the choir. Write letters to editor for more punch.	
9995	neutral	9995.jpg	Today draws contrast w mirage policies, won't help middle class. No weekend in a campaign	
10019	neutral	10019.jpg	Can we meet? 8/9, 25-29, Oct23-25	
10900	neutral	10900.jpg	Help get 10,000 followers &amp; 1 wins a Connor McDavid signed Jersey courtesy of	
11439	neutral	11439.jpg	Reminder to get registered for this killer event we're hosting!	
12542	neutral	12542.jpg	Hey how well do you know your city? Can you guess where is this located?	
12561	neutral	12561.jpg	Cloudy Wednesday expected: Daystarter Weather.	
12591	neutral	12591.jpg	denies having 'exile' list. Meeting with members &amp; media today.	
12880	neutral	12880.jpg	We have big expansion plans &amp; we want to feed even more healthy meals! FB for details ??	
13281	neutral	13281.jpg	The crane pad for 100Bond.ca is being built this week	
13505	neutral	13505.jpg	Dry erase board	
13747	neutral	13747.jpg	I promised myself that I'd start again this week…	
14125	neutral	14125.jpg	Bank Crowd in front of near	
15258	neutral	15258.jpg	AUG 21: Book launch of / | Via	
15353	neutral	15353.jpg	It's a little known fact that Post Concert Depression (PCD) is actually categorized in the DSM-IV.	
15435	neutral	15435.jpg	Meat West This place has been around since I was	
17230	neutral	17230.jpg	Yaletown 1 Bed Condo @ The Crandall 1072 Hamilton St, is for rent $1675	
22119	neutral	22119.jpg	getting anime ads on instagram	
22752	neutral	22752.jpg	you've probably seen this before but I couldn't resist	
5186	positive	5186.jpg	Such a lovely chat with three amazing women for the fantastic	
5785	positive	5785.jpg	playoff ticket schedule dates.	
5925	positive	5925.jpg	Let's go Go supporting my teams at once	
6161	positive	6161.jpg	Supplemental Health Care: ICU / RN / Registered Nurse/ Travel... MI)	
6566	positive	6566.jpg	Bringing the epic experience to w/the Lounge! Here? Show your T-Mobile phone 4 entry!	
6669	positive	6669.jpg	got me like...DANCE PARTAY!	
6851	positive	6851.jpg	Playing at tonight with Mike &amp; Thomas. 9pm start! Woo!	
7401	positive	7401.jpg	HIS SIDE PROFILE IS PRETTIER THAN I EVER WILL BE BYE	
7601	positive	7601.jpg	to my best friend????	
9063	positive	9063.jpg	THANK YOUUUU SO MUCH	
9517	positive	9517.jpg	wipe your shoes wipe youR ASS	
9628	positive	9628.jpg	I thought this was cute	
11226	positive	11226.jpg	D.J. spinning Janet Jackson tunes prior to her show! :).	
12205	positive	12205.jpg	Shoutout to the Bicycle Commuters for helping out the community with minor bike repairs. You rock!	
12421	positive	12421.jpg	Big opening for men’s rugby team	
14415	positive	14415.jpg	of the day...	
14561	positive	14561.jpg	A bonus of the day.	
14631	positive	14631.jpg	We're open today,10-5pm. Two new exhibitions and a well stocked shop	
15386	positive	15386.jpg	Roughly 100 guests + 48 hours = 1 Guinness World Record!!!	
16323	positive	16323.jpg	by Dragonfly Dance Company	
17263	positive	17263.jpg	We continue glowing smiles on Photo by	
18409	positive	18409.jpg	Hello from with ! :) team !!!	
18523	positive	18523.jpg	proud supporter at	
18908	positive	18908.jpg	A lively run fun for Frankie	
19508	positive	19508.jpg	Thanks Cheers and happy riding	
20432	positive	20432.jpg	Visit to Parliament Hill...check!!	
20534	positive	20534.jpg	The calamari is out of this world	
20715	positive	20715.jpg	Having a fantastic time in as always!	
20938	positive	20938.jpg	You've helped me get through the rough times Nash. I love you!!??	
21264	positive	21264.jpg	Life moves pretty fast, if you don't stop and look around for awhile, you might miss the NIGARA CRAFT BEER FESTIVAL!!	
21768	positive	21768.jpg	Vancouver, British Columbia 18.0°C | 64.0°F Humidity: 77% Overcast	
22303	positive	22303.jpg	Interested in learning about stewardship education? Open House in October!	
3341	negative	3341.jpg	Outrageous abuse of power: ‘F*** Harper’ sign results in $543 ticket	
4177	negative	4177.jpg	When crafting cover letters...	
4921	negative	4921.jpg	Diary, Day 3 : Wim Wenders has cool kicks via	
5933	negative	5933.jpg	Let's Go Blue Jays!	
7517	negative	7517.jpg	Want hot music downloads on	
8110	negative	8110.jpg	Bronx we love you ?	
8860	negative	8860.jpg	Who pissed in the Harmonizers cereal? I didn't even direct it to anyone! ??	
8925	negative	8925.jpg	Remember when 5SOS vs food bc those table manners though	
9142	negative	9142.jpg	they look so happy ????	
9318	negative	9318.jpg	Ashton grabbing his butt	
9710	negative	9710.jpg	The Canadian stupid wants transformative agents rather than positive immigrants	
9731	negative	9731.jpg	Cartoon of the Day: Europe's Migration Tragedy, Via	
9758	negative	9758.jpg	Harper's multiple year Miley Cyrus moment.	
9869	negative	9869.jpg	Is BC Liberal gas subsidy of $6.1B since 2007 in conflict with Canada's international commitments?	
9887	negative	9887.jpg	""Syria today. I'd do anything to get to Europe too."" -	
10972	negative	10972.jpg	IF YOU'RE FROM NEW BRUNSWICK	
11298	negative	11298.jpg	Doesn't really seem like their ""demands"" will be met?	
12167	negative	12167.jpg	Here's some science for ya. Should we be worried or dont bother to waste a breath?	
12766	negative	12766.jpg	Thanks to whoever it was that felt the need to dump paint all over the windshield of the CBC Hamilton truck.	
12931	negative	12931.jpg	It's gameday! FREE shuttles start at 5:30pm.	
15535	negative	15535.jpg	are in w/ this month &amp; we're giving away 2 tickets!	
16049	negative	16049.jpg	moving in different directions as TFC adds to Montreal misery in 2-1 win.	
17520	negative	17520.jpg	keep vapour lounges open!	
17889	negative	17889.jpg	it's week! By next Tuesday, all the little ones will be back at it...	
18049	negative	18049.jpg	Walk this way Centre de commerce mondial de	
18295	negative	18295.jpg	PLEASE HELP ME FIND COSITO !!! des Neige	
18641	negative	18641.jpg	doing an amazing job depaving in dover	
19605	negative	19605.jpg	It's getting hot in here... in	
21203	negative	21203.jpg	Looks like I'm going alone ????	
21517	negative	21517.jpg	Help and I find our dad.	
22164	negative	22164.jpg	This for Nikki last night Brooklyn. Don't sing again.	
22614	negative	22614.jpg	ASI's Bell Site dog burial subject of new publication:	
2537	neutral	2537.jpg	Reasons to Donate PC Party, Progressive Canadian Party - Today: Veteran's Affairs …	
3379	neutral	3379.jpg	using sound advice to justify his actions today.	
3562	neutral	3562.jpg	Another rally performance nailed by to a far beyond-capacity crowd in	
3684	neutral	3684.jpg	This ass clown was screened prior to attending. Proven sound judgment - NOT!!!	
3806	neutral	3806.jpg	Almost Are you ready for Let help your	
6073	neutral	6073.jpg	Supplemental Health Care: RN / Registered Nurse / Travel RN... NY)	
6300	neutral	6300.jpg	by OUT NOW !!!!!	
6558	neutral	6558.jpg	Coming up September residency every Wednesday night.	
8855	neutral	8855.jpg	did you say pizza??	
9151	neutral	9151.jpg	COME ON DO IT FOR THE CHICKEN	
9371	neutral	9371.jpg	FOR MY LEG	
10266	neutral	10266.jpg	The view from my work. is right over there.	
10739	neutral	10739.jpg	Canadian Prime Minister of Defense speaking at	
11216	neutral	11216.jpg	trending in !	
11456	neutral	11456.jpg	Today's Art installation from the downtown Oliver Art Gallery	
12621	neutral	12621.jpg	we know you can do better than this headline. cc:	
12780	neutral	12780.jpg	We heard is downtown ... care for a smoothie Mr. Franco?	
13589	neutral	13589.jpg	My ""Maternal"" is in this collection by	
14308	neutral	14308.jpg	with Founder with Mens Swimwear Designers	
15161	neutral	15161.jpg	We're at the Central Process &amp; Show! Come by the booth to see the demos!	
15692	neutral	15692.jpg	| 2011 Legacy 2.5I for Sale $8,990	
15719	neutral	15719.jpg	Private concert? Hellyeah.	
18021	neutral	18021.jpg	Where's ? right now!	
18176	neutral	18176.jpg	See our latest QC and click to apply: WEB/Mobile Solution Architect... -	
18862	neutral	18862.jpg	Interested in Computer Programming? We are offering an 8 week course starting in October. Register today!	
19615	neutral	19615.jpg	At the with Davey	
21280	neutral	21280.jpg	Woohoo I might not have to ride furiously around the block 10000 times on NYE after all!	
21485	neutral	21485.jpg	Shoutout to for reppin on their bios. Feelin the loves!!	
21876	neutral	21876.jpg	I last night was so much fun I hope you guys come back ????	
22151	neutral	22151.jpg	how girls become friends	
22220	neutral	22220.jpg	@ miss find me	
22576	neutral	22576.jpg	Fun with the	
3443	positive	3443.jpg	What kind of force will Canada be? Peacekeepers under UN mandate ONLY	
4995	positive	4995.jpg	At last night's premiere of Definitely watch this movie!	
6608	positive	6608.jpg	Nice work see video here:	
7177	positive	7177.jpg	Want hot music downloads on	
7278	positive	7278.jpg	?????? NEW VEVO RECORD: One Million Likes in 24 hours One Direction ??	
8209	positive	8209.jpg	Happy national dog day to my beautiful rat??	
10796	positive	10796.jpg	September 1 = Holiday catalogue Fun!	
12768	positive	12768.jpg	i agree one hundred percent! and the beautiful season is coming!	
12925	positive	12925.jpg	Happy long weekend come join us on our back patio!	
13014	positive	13014.jpg	Great start to a Sunday Night Social thanks we had a night!	
13169	positive	13169.jpg	THE that nearly 250,000 people see daily in It exists underground	
13283	positive	13283.jpg	of the day...	
14248	positive	14248.jpg	Dance with our fear. Watch us do our art. Listen to The Earbud_U Podcast. On Stitcher and Itunes.	
14297	positive	14297.jpg	Chris, featured Artist in Art Battle 307! September 24th 6:30PM @ Knoxville's Tavern	
14480	positive	14480.jpg	Lobster bisque with a salt cod croquette delicious, can't wait to try this dish for dinner!	
14500	positive	14500.jpg	Before they go shopping, consumers go searching for the best deals saves you money on	
14520	positive	14520.jpg	I painted this up on my iPhone using &amp; submitted it to the contest	
15218	positive	15218.jpg	Two weeks from tonight! Looking forward to this show in at hope you can join us!	
15720	positive	15720.jpg	Come meet at Canada's Show!	
15781	positive	15781.jpg	Our goes to the her self,	
16251	positive	16251.jpg	I love TO	
16443	positive	16443.jpg	Catch the annual CNE Air Show taking flight this weekend.	
16750	positive	16750.jpg	to the biggest claw I've ever seen!	
17489	positive	17489.jpg	All aboard ??	
17854	positive	17854.jpg	so if in all fans to ""GET LOST""	
18039	positive	18039.jpg	See our latest QC and click to apply: QA Analyst ? Global Delivery... -	
19745	positive	19745.jpg	Thanks to guys for helping make our own cask! Looking forward to drinking it!??	
20351	positive	20351.jpg	Woo hoo!! Another spectacular show for in tonight!	
22471	positive	22471.jpg	Now that's a good man!	
22532	positive	22532.jpg	I'm snuggling with a pile of 4 two week old kittens	
22755	positive	22755.jpg	The doggy is repping too!	
22858	positive	22858.jpg	Starting September 8th up until October 30th, we'd like to offer you a 15% discount on all in stock goods.	
