index	#1 Label	#2 ImageID	#3 String	#3 String
3341	negative	3341.jpg	Outrageous abuse of power: ‘F*** Harper’ sign results in $543 ticket	
4177	negative	4177.jpg	When crafting cover letters...	
4921	negative	4921.jpg	Diary, Day 3 : Wim Wenders has cool kicks via	
5933	negative	5933.jpg	Let's Go Blue Jays!	
7517	negative	7517.jpg	Want hot music downloads on	
8110	negative	8110.jpg	Bronx we love you ?	
8860	negative	8860.jpg	Who pissed in the Harmonizers cereal? I didn't even direct it to anyone! ??	
8925	negative	8925.jpg	Remember when 5SOS vs food bc those table manners though	
9142	negative	9142.jpg	they look so happy ????	
9318	negative	9318.jpg	Ashton grabbing his butt	
9710	negative	9710.jpg	The Canadian stupid wants transformative agents rather than positive immigrants	
9731	negative	9731.jpg	Cartoon of the Day: Europe's Migration Tragedy, Via	
9758	negative	9758.jpg	Harper's multiple year Miley Cyrus moment.	
9869	negative	9869.jpg	Is BC Liberal gas subsidy of $6.1B since 2007 in conflict with Canada's international commitments?	
9887	negative	9887.jpg	""Syria today. I'd do anything to get to Europe too."" -	
10972	negative	10972.jpg	IF YOU'RE FROM NEW BRUNSWICK	
11298	negative	11298.jpg	Doesn't really seem like their ""demands"" will be met?	
12167	negative	12167.jpg	Here's some science for ya. Should we be worried or dont bother to waste a breath?	
12766	negative	12766.jpg	Thanks to whoever it was that felt the need to dump paint all over the windshield of the CBC Hamilton truck.	
12931	negative	12931.jpg	It's gameday! FREE shuttles start at 5:30pm.	
15535	negative	15535.jpg	are in w/ this month &amp; we're giving away 2 tickets!	
16049	negative	16049.jpg	moving in different directions as TFC adds to Montreal misery in 2-1 win.	
17520	negative	17520.jpg	keep vapour lounges open!	
17889	negative	17889.jpg	it's week! By next Tuesday, all the little ones will be back at it...	
18049	negative	18049.jpg	Walk this way Centre de commerce mondial de	
18295	negative	18295.jpg	PLEASE HELP ME FIND COSITO !!! des Neige	
18641	negative	18641.jpg	doing an amazing job depaving in dover	
19605	negative	19605.jpg	It's getting hot in here... in	
21203	negative	21203.jpg	Looks like I'm going alone ????	
21517	negative	21517.jpg	Help and I find our dad.	
22164	negative	22164.jpg	This for Nikki last night Brooklyn. Don't sing again.	
22614	negative	22614.jpg	ASI's Bell Site dog burial subject of new publication:	
2537	neutral	2537.jpg	Reasons to Donate PC Party, Progressive Canadian Party - Today: Veteran's Affairs …	
3379	neutral	3379.jpg	using sound advice to justify his actions today.	
3562	neutral	3562.jpg	Another rally performance nailed by to a far beyond-capacity crowd in	
3684	neutral	3684.jpg	This ass clown was screened prior to attending. Proven sound judgment - NOT!!!	
3806	neutral	3806.jpg	Almost Are you ready for Let help your	
6073	neutral	6073.jpg	Supplemental Health Care: RN / Registered Nurse / Travel RN... NY)	
6300	neutral	6300.jpg	by OUT NOW !!!!!	
6558	neutral	6558.jpg	Coming up September residency every Wednesday night.	
8855	neutral	8855.jpg	did you say pizza??	
9151	neutral	9151.jpg	COME ON DO IT FOR THE CHICKEN	
9371	neutral	9371.jpg	FOR MY LEG	
10266	neutral	10266.jpg	The view from my work. is right over there.	
10739	neutral	10739.jpg	Canadian Prime Minister of Defense speaking at	
11216	neutral	11216.jpg	trending in !	
11456	neutral	11456.jpg	Today's Art installation from the downtown Oliver Art Gallery	
12621	neutral	12621.jpg	we know you can do better than this headline. cc:	
12780	neutral	12780.jpg	We heard is downtown ... care for a smoothie Mr. Franco?	
13589	neutral	13589.jpg	My ""Maternal"" is in this collection by	
14308	neutral	14308.jpg	with Founder with Mens Swimwear Designers	
15161	neutral	15161.jpg	We're at the Central Process &amp; Show! Come by the booth to see the demos!	
15692	neutral	15692.jpg	| 2011 Legacy 2.5I for Sale $8,990	
15719	neutral	15719.jpg	Private concert? Hellyeah.	
18021	neutral	18021.jpg	Where's ? right now!	
18176	neutral	18176.jpg	See our latest QC and click to apply: WEB/Mobile Solution Architect... -	
18862	neutral	18862.jpg	Interested in Computer Programming? We are offering an 8 week course starting in October. Register today!	
19615	neutral	19615.jpg	At the with Davey	
21280	neutral	21280.jpg	Woohoo I might not have to ride furiously around the block 10000 times on NYE after all!	
21485	neutral	21485.jpg	Shoutout to for reppin on their bios. Feelin the loves!!	
21876	neutral	21876.jpg	I last night was so much fun I hope you guys come back ????	
22151	neutral	22151.jpg	how girls become friends	
22220	neutral	22220.jpg	@ miss find me	
22576	neutral	22576.jpg	Fun with the	
3443	positive	3443.jpg	What kind of force will Canada be? Peacekeepers under UN mandate ONLY	
4995	positive	4995.jpg	At last night's premiere of Definitely watch this movie!	
6608	positive	6608.jpg	Nice work see video here:	
7177	positive	7177.jpg	Want hot music downloads on	
7278	positive	7278.jpg	?????? NEW VEVO RECORD: One Million Likes in 24 hours One Direction ??	
8209	positive	8209.jpg	Happy national dog day to my beautiful rat??	
10796	positive	10796.jpg	September 1 = Holiday catalogue Fun!	
12768	positive	12768.jpg	i agree one hundred percent! and the beautiful season is coming!	
12925	positive	12925.jpg	Happy long weekend come join us on our back patio!	
13014	positive	13014.jpg	Great start to a Sunday Night Social thanks we had a night!	
13169	positive	13169.jpg	THE that nearly 250,000 people see daily in It exists underground	
13283	positive	13283.jpg	of the day...	
14248	positive	14248.jpg	Dance with our fear. Watch us do our art. Listen to The Earbud_U Podcast. On Stitcher and Itunes.	
14297	positive	14297.jpg	Chris, featured Artist in Art Battle 307! September 24th 6:30PM @ Knoxville's Tavern	
14480	positive	14480.jpg	Lobster bisque with a salt cod croquette delicious, can't wait to try this dish for dinner!	
14500	positive	14500.jpg	Before they go shopping, consumers go searching for the best deals saves you money on	
14520	positive	14520.jpg	I painted this up on my iPhone using &amp; submitted it to the contest	
15218	positive	15218.jpg	Two weeks from tonight! Looking forward to this show in at hope you can join us!	
15720	positive	15720.jpg	Come meet at Canada's Show!	
15781	positive	15781.jpg	Our goes to the her self,	
16251	positive	16251.jpg	I love TO	
16443	positive	16443.jpg	Catch the annual CNE Air Show taking flight this weekend.	
16750	positive	16750.jpg	to the biggest claw I've ever seen!	
17489	positive	17489.jpg	All aboard ??	
17854	positive	17854.jpg	so if in all fans to ""GET LOST""	
18039	positive	18039.jpg	See our latest QC and click to apply: QA Analyst ? Global Delivery... -	
19745	positive	19745.jpg	Thanks to guys for helping make our own cask! Looking forward to drinking it!??	
20351	positive	20351.jpg	Woo hoo!! Another spectacular show for in tonight!	
22471	positive	22471.jpg	Now that's a good man!	
22532	positive	22532.jpg	I'm snuggling with a pile of 4 two week old kittens	
22755	positive	22755.jpg	The doggy is repping too!	
22858	positive	22858.jpg	Starting September 8th up until October 30th, we'd like to offer you a 15% discount on all in stock goods.	
