index	#1 Label	#2 ImageID	#3 String	#3 String
2523	negative	2523.jpg	Canada among most vulnerable large economies. Quick, rearrange deckchairs.	
2534	negative	2534.jpg	CPC candidate Gabriel Purcarus, when I asked him about his deleted FB page.	
2758	negative	2758.jpg	If abortion is a settled issue in than why people get upset w/images of abortion?	
2815	negative	2815.jpg	Tweets about are serious &amp; rightly so. Thought I'd inject a little humor on the 1st of September!	
2826	negative	2826.jpg	via ?Stand clear! Parkins 'toon on Lynton Crosby jolting Harper's dead-parrot campaign back to life	
3063	negative	3063.jpg	Big-spending election campaign set to ramp up airwaves war	
3127	negative	3127.jpg	We sell LAVs to the Saudi's who use them to red mist Yemenis. This should be an issue.	
3153	negative	3153.jpg	Harper claims the problem of unsettled refugees cannot be solved by refugee settlement.	
3155	negative	3155.jpg	Politicians Lies! Numbers don't!	
3203	negative	3203.jpg	on economy: balance the budget. Small recession doesnt justify plan for 3 yrs of deficits	
3245	negative	3245.jpg	If abortion is a settled issue in then why people get upset with images of abortion?	
3283	negative	3283.jpg	Harper is sitting back and letting the opposition parties do his dirty work.	
3341	negative	3341.jpg	Outrageous abuse of power: ‘F*** Harper’ sign results in $543 ticket	
3482	negative	3482.jpg	If abortion is a settled issue in than why people get upset with images of abortion?	
3488	negative	3488.jpg	Jason Kenny Redefines ""deficit""	
3539	negative	3539.jpg	I hope, after Oct. 19, a documentary will be made on this. In the background, rapping Beatles lyrics. Lol!	
3569	negative	3569.jpg	Hang-Ups | From the Chris Alexander archive:	
3593	negative	3593.jpg	the blood of and his family is on you hands.	
3701	negative	3701.jpg	If abortion is a settled issue in than why people get upset with images of abortion?	
4070	negative	4070.jpg	Holiday, Report Can’t Save U.S. from Death Cross RWC Recap Sept 3	
4177	negative	4177.jpg	When crafting cover letters...	
4921	negative	4921.jpg	Diary, Day 3 : Wim Wenders has cool kicks via	
4969	negative	4969.jpg	""I have never done storyboard, in fact I hate it"" Nuri Bilge Ceylan	
5870	negative	5870.jpg	Meanwhile in Toronto... J/K ??	
5933	negative	5933.jpg	Let's Go Blue Jays!	
6360	negative	6360.jpg	Vevo right now	
6454	negative	6454.jpg	Trust us, today's SPB is unreal - the artist AND the festival:	
6486	negative	6486.jpg	We have to stop selling out the gray area. We all have a price. Why?	
6628	negative	6628.jpg	The Dawdle by &amp; filmed in Vanier, screens tonight @ TheVanierIndieFest	
6863	negative	6863.jpg	LIVE tonight! $4 tax in Jameson shots! All day, every day!	
6945	negative	6945.jpg	Girls, Wrong Direction.	
7212	negative	7212.jpg	The Henri Star Orchestra plays M and T Plaza	
7398	negative	7398.jpg	Want hot music downloads on	
7466	negative	7466.jpg	Weed Mom @	
7517	negative	7517.jpg	Want hot music downloads on	
7551	negative	7551.jpg	Why should u vote!	
7645	negative	7645.jpg	activity Holocaust survivor Roman Kent remembers his dog Lala	
7669	negative	7669.jpg	Post a w/a Coke &amp; a dog! You could win $100	
7745	negative	7745.jpg	This is my love, who has died ...., wherever you are, i wish you well, i love you ?	
8110	negative	8110.jpg	Bronx we love you ?	
8156	negative	8156.jpg	to my baby girl up in heaven, miss you each &amp; everyday ????	
8527	negative	8527.jpg	when you've been voting all day and some people haven't even voted once	
8723	negative	8723.jpg	When people tag worth it VMA on a post, I cringe and kinda	
8860	negative	8860.jpg	Who pissed in the Harmonizers cereal? I didn't even direct it to anyone! ??	
8925	negative	8925.jpg	Remember when 5SOS vs food bc those table manners though	
9017	negative	9017.jpg	now I'm just randomly picking irrelevant shit from my camera roll just vote guys	
9030	negative	9030.jpg	When calum sees you not voting	
9122	negative	9122.jpg	when you realize will never notice you ""no I'm okay no I'm not crying I'm cool I'm okay""	
9142	negative	9142.jpg	they look so happy ????	
9318	negative	9318.jpg	Ashton grabbing his butt	
9363	negative	9363.jpg	Rt or you'll never get to tell him how much he's saved you	
9431	negative	9431.jpg	Me when I saw how far ahead we are	
9505	negative	9505.jpg	how can you not want these boys to win ......	
9527	negative	9527.jpg	look at these attempts omg so sad ??	
9545	negative	9545.jpg	STEP YOUR FUCKING GAME UP	
9594	negative	9594.jpg	When 5SOS don't follow you	
9662	negative	9662.jpg	I'm sure this is how Calum felt when Michael figured out how to text with siri	
9674	negative	9674.jpg	It's a small issue. But can move this to a museum of racist bullshit? It's a public menace.	
9689	negative	9689.jpg	Mulcair will waste country's time when there is no time to waste!	
9710	negative	9710.jpg	The Canadian stupid wants transformative agents rather than positive immigrants	
9731	negative	9731.jpg	Cartoon of the Day: Europe's Migration Tragedy, Via	
9758	negative	9758.jpg	Harper's multiple year Miley Cyrus moment.	
9782	negative	9782.jpg	Hey If your base realizes the truth to this you are done.	
9785	negative	9785.jpg	HUFFPOST: ""Harper's Economic Record Is Sub-Mediocre""	
9806	negative	9806.jpg	one day the truth will be known.	
9835	negative	9835.jpg	The high cost of pollution not only on earth.	
9868	negative	9868.jpg	If abortion is a settled issue in then why people get upset with images of abortion?	
9869	negative	9869.jpg	Is BC Liberal gas subsidy of $6.1B since 2007 in conflict with Canada's international commitments?	
9877	negative	9877.jpg	We know where the allegiance lies, bet he would jump if called.	
9887	negative	9887.jpg	""Syria today. I'd do anything to get to Europe too."" -	
9920	negative	9920.jpg	Bill 59 betrays Muslims who chose to live in Quebec because they value free society	
9955	negative	9955.jpg	If abortion is a settled issue in than why people get upset with images of abortion?	
10049	negative	10049.jpg	Troubles facing led to a shortage of good candidates and a surfeit of chumps.	
10069	negative	10069.jpg	Harper Conservatives called out for anti-refugee propaganda.	
10079	negative	10079.jpg	corporations are destroying the world fast enough as it is	
10132	negative	10132.jpg	need to take a better look at their leaders.	
10241	negative	10241.jpg	The pain of Being forgotten like	
10346	negative	10346.jpg	If abortion is a settled issue in then why people get upset with images of abortion?	
10439	negative	10439.jpg	IF YOU'RE FROM ALBERTA	
10481	negative	10481.jpg	Felt M2.4 strikes 7 km N of 19 min ago. Please report to:	
10495	negative	10495.jpg	""Forest City'? tree root damage at 1 site where imposed group to cut mail in	
10540	negative	10540.jpg	On Sunday September 6, join us in saying, We don't want to have War Criminals on Canadian soil	
10627	negative	10627.jpg	Already an hour late! Sigh. (@ Gate 81 in Richmond, BC)	
10883	negative	10883.jpg	Can hardly tell this used to be a Future Shop!	
10972	negative	10972.jpg	IF YOU'RE FROM NEW BRUNSWICK	
11155	negative	11155.jpg	If abortion is a settled issue in than why people get upset with images of abortion?	
11194	negative	11194.jpg	f abortion is a settled issue in then why people get upset with images of abortion	
11298	negative	11298.jpg	Doesn't really seem like their ""demands"" will be met?	
11577	negative	11577.jpg	is El Busy!	
11733	negative	11733.jpg	You lookin at me	
11996	negative	11996.jpg	Ripped my toenail off to get this picture.	
12018	negative	12018.jpg	claims 35-year old Ryan Soneff say goodbye	
12042	negative	12042.jpg	How does this happen? 3 cars, 3 different directions! 100Ave &amp; 116st	
12063	negative	12063.jpg	Light rain and mist is reducing the visibility here	
12167	negative	12167.jpg	Here's some science for ya. Should we be worried or dont bother to waste a breath?	
12172	negative	12172.jpg	""Nailed it."" - Guy Whose Job It Is To Create This Asphalt Driveway (...probably)	
12304	negative	12304.jpg	EPS Homicide Section staff Sgt. Bill Clark says latest victim Shawn Richard was known to police, dealt drugs.	
12363	negative	12363.jpg	Checking out this gorgeous affordable housing bldg on with	
12733	negative	12733.jpg	Pedestrian 'expected to survive' after drunk driving crash.	
12766	negative	12766.jpg	Thanks to whoever it was that felt the need to dump paint all over the windshield of the CBC Hamilton truck.	
12912	negative	12912.jpg	New trial for Six Nations lacrosse star convicted of murdering ex-girlfriend.	
12923	negative	12923.jpg	Sharon Jones and the Dap Kings	
12931	negative	12931.jpg	It's gameday! FREE shuttles start at 5:30pm.	
12958	negative	12958.jpg	At the scene of a fatal collision on paramount near Upper Mount Albion Rd.	
13010	negative	13010.jpg	Woke up to a slew of sirens racing down the street twice. Look out window and see flames coming from Bay 200	
13101	negative	13101.jpg	The crisis &amp; should chief apologize? Top Stories.	
13178	negative	13178.jpg	Is it clean - or did money for testing get yanked ? No data, no media hype, no outcry.	
13193	negative	13193.jpg	- all taxpayers had to pay $30 BILLION dollars - via Other unions...............?	
13226	negative	13226.jpg	Defying Logic. too. End	
13333	negative	13333.jpg	FTWD's most nail-biting episode so far	
13490	negative	13490.jpg	Original Brown Boy Artwork ""Liz Gone Wild"" Against Monarchy &amp; Dictatorship.	
13801	negative	13801.jpg	THANKS WARMONGERS!! YOUR CHILDREN ARE GOING TO HATE YOUR GUTS!	
14207	negative	14207.jpg	YAY!! Back to school shopping and this was a priority!! ????.	
14366	negative	14366.jpg	MT &amp; to be at RALLY. No	
14632	negative	14632.jpg	Sadly I would not buy again for my girl. Destroyed worse than any shoes so far.	
14642	negative	14642.jpg	Giant bacon - FACT: the paper on the lanterns is taken from the bacon wrapping!	
14774	negative	14774.jpg	Lumina: Don't ask why.	
14966	negative	14966.jpg	Remember when the door handle to Studio 520 came off with inside? Sunday at work	
15042	negative	15042.jpg	first time hearing be like..	
15084	negative	15084.jpg	Back to school Well I guess they can't speed...	
15298	negative	15298.jpg	Laural: In Her Own Words	
15414	negative	15414.jpg	Oh Janet. We missed you much.	
15421	negative	15421.jpg	Just hopped into bed	
15535	negative	15535.jpg	are in w/ this month &amp; we're giving away 2 tickets!	
16049	negative	16049.jpg	moving in different directions as TFC adds to Montreal misery in 2-1 win.	
16158	negative	16158.jpg	will be playing Lightbox tonight and tomorrow night	
16614	negative	16614.jpg	i know omg almost all my shots of michael were like this	
16665	negative	16665.jpg	Not not welcome at subsidized apartment. City councillor says: no problem.	
17402	negative	17402.jpg	This big lit-up hashtag is wicked.	
17520	negative	17520.jpg	keep vapour lounges open!	
17889	negative	17889.jpg	it's week! By next Tuesday, all the little ones will be back at it...	
18049	negative	18049.jpg	Walk this way Centre de commerce mondial de	
18223	negative	18223.jpg	The 18th Century Village Under The Turcot Interchange Will Be Destroyed	
18235	negative	18235.jpg	Good Night Another weekend gone too soon...	
18295	negative	18295.jpg	PLEASE HELP ME FIND COSITO !!! des Neige	
18432	negative	18432.jpg	Homeless abused by police, photographer alleges	
18599	negative	18599.jpg	Hey is it true that Christians were banned from attending the Stampede this year?	
18641	negative	18641.jpg	doing an amazing job depaving in dover	
18688	negative	18688.jpg	Great northern light display right now. Wish my phone could take good pic!	
18744	negative	18744.jpg	look at the progress, with final being revealed Sept 25th!!! in	
18904	negative	18904.jpg	Fireside chat, complete with smoke.	
19605	negative	19605.jpg	It's getting hot in here... in	
19657	negative	19657.jpg	Last night yes I know I said it before in Calgary but this time we mean it ! Cum get us !	
21203	negative	21203.jpg	Looks like I'm going alone ????	
21365	negative	21365.jpg	happy birthday my yute	
21416	negative	21416.jpg	well this isn't a good idea !!	
21517	negative	21517.jpg	Help and I find our dad.	
21683	negative	21683.jpg	A piece of driftwood or The Lawrencetown,	
21755	negative	21755.jpg	lies. Just tell	
21803	negative	21803.jpg	Fall is in the air for sections of the Maritimes today. Prepare for a break from the heat! Details @ 7	
21901	negative	21901.jpg	I have two fur babies and ALWAYS miss them terribly.	
21992	negative	21992.jpg	Shoutout to the team group chat ??	
22160	negative	22160.jpg	Hughes plead not guilty to charges Demand justice for horrendous animal cruelty	
22161	negative	22161.jpg	This is absolutely disgusting.	
22167	negative	22167.jpg	No chick flick will ever be as sad as this movie Honestly ????	
22613	negative	22613.jpg	Work for TRUMP Til a REAL President in WH	
22630	negative	22630.jpg	Rip mrs Forti, one of my biggest inspirations this is such a loss for everyone who knew you	
22696	negative	22696.jpg	Fellas, stop coming to take care of business in house shoes &amp; hoop shorts. Unacceptable just like bonnets &amp; leggings.	
22717	negative	22717.jpg	car with flat tire on 3rd Street NW bear the University of Calgary Research Center	
22718	negative	22718.jpg	Check out our current studies &amp; call about upcoming ones. 585-288-0890	
2519	neutral	2519.jpg	And the ""other"" guy is just not ready? 1-man-show?	
2572	neutral	2572.jpg	Official Email Intern	
2751	neutral	2751.jpg	Great night. Less than 5% we spoke to so far tonight supporting other parties.	
2786	neutral	2786.jpg	10 questions NDP voters need to ask themselves.	
2860	neutral	2860.jpg	Less than a block from Andrew Thomson's campaign office. Does he even know what riding he's in?	
3104	neutral	3104.jpg	Scooped from Facebook. File under ""Revenge of the poopin' puffins"".	
3212	neutral	3212.jpg	Matching wits, talking this AM w/ Corey and Zain from	
3350	neutral	3350.jpg	New form of interval training, sprint/walk between election signs.	
3371	neutral	3371.jpg	In 54 Days Canadians will elect a new government after Ten Long Years of “The Harper Government.” - PCs	
3481	neutral	3481.jpg	Seen in Hochelaga - gold star for effort: 'Vote for whomever you want, we're ungovernable'.	
3784	neutral	3784.jpg	I'd fully stock Carl's trailer with pudding.	
3830	neutral	3830.jpg	WA Outside Sales Representative at UniFirst Corporation	
3882	neutral	3882.jpg	alert: First Assistant Manager | Maurices | NY	
3960	neutral	3960.jpg	Can you recommend anyone for this NH	
4119	neutral	4119.jpg	We're Click to apply: Solution Architect - NS	
4136	neutral	4136.jpg	Meet with to receive coaching, strategies &amp; prep. on Oct. 2nd.	
4254	neutral	4254.jpg	If you're a professional in NY, check out this	
4592	neutral	4592.jpg	AHS: Pharmacy Technician AB)	
4611	neutral	4611.jpg	One week before the premiere of And we have a poster!	
4653	neutral	4653.jpg	The cast of The young actor makes this movie magical!	
4842	neutral	4842.jpg	Q&amp;A for ""Cemetery of Splendour""	
4923	neutral	4923.jpg	Thanks to the wonderful Jay roach for doing live studio interview to talk	
4933	neutral	4933.jpg	And you which ones of the 68 French movies selected have you plan to watch at ?	
4948	neutral	4948.jpg	Press screening of (@ TIFF Bell Lightbox - in Toronto, ON)	
5095	neutral	5095.jpg	Tomorrow just after 7am on Christopher Plummer talks to about his role in 'Remember'	
5132	neutral	5132.jpg	Helen Mirren &amp; in world premiere of ??	
5330	neutral	5330.jpg	Where can UP take you w/ its Long Layover ticket? Right to the exhilaration of a game! Photo:A.Gallardo /AP	
5426	neutral	5426.jpg	Let's Go Blue Jays!	
5497	neutral	5497.jpg	Rep my all day! on my way to	
5640	neutral	5640.jpg	my 2 year old taking in some BP	
5721	neutral	5721.jpg	My new lid.	
5742	neutral	5742.jpg	Dickeys an athlete	
5778	neutral	5778.jpg	I'm giving away a pair of tickets today at Ajax Downs!! See you at the track????	
5994	neutral	5994.jpg	alert: All specialties... | Supplemental Health Care | NY	
6077	neutral	6077.jpg	Join the Supplemental Health Care team! See our latest opening here:	
6325	neutral	6325.jpg	will be in the Museum Sept. 5 No. 6 RCAF Dunnville Museum Come out and join us!	
6420	neutral	6420.jpg	Want hot music downloads on	
6558	neutral	6558.jpg	Coming up September residency every Wednesday night.	
6823	neutral	6823.jpg	is sounding awesome in sound check down Things start at noon	
6884	neutral	6884.jpg	Want hot music downloads on	
6970	neutral	6970.jpg	Great day on the course with 3 dialled in drivers! Not bad for	
6999	neutral	6999.jpg	Want hot music downloads on	
7008	neutral	7008.jpg	biographer: I changed my mind — let's leave the alone	
7062	neutral	7062.jpg	Want hot music downloads on	
7218	neutral	7218.jpg	Want hot music downloads on	
7222	neutral	7222.jpg	Want hot music downloads on	
7261	neutral	7261.jpg	""Lady"" Just sharing LOVE an A from my to you.	
7372	neutral	7372.jpg	Want hot music downloads on	
7492	neutral	7492.jpg	Want hot music downloads on	
8268	neutral	8268.jpg	Clover hunts birdie putts	
8468	neutral	8468.jpg	Its are here is our mascot, ""Storm"" the Siberian Husky.	
8641	neutral	8641.jpg	I still can't get over seeing them last night omf punch me in the face	
8785	neutral	8785.jpg	Cal is the legal?	
8952	neutral	8952.jpg	ME IF 5H WIN.	
9149	neutral	9149.jpg	stop faving and rt u hoe	
9321	neutral	9321.jpg	When you sleeping and you should be voting there ain't not time for sleep	
9597	neutral	9597.jpg	Pretty much my life in a corner... ??	
9635	neutral	9635.jpg	THANK GOD NOW MAKE A HUGE GAP	
9799	neutral	9799.jpg	JT is he a friend of yours?	
9829	neutral	9829.jpg	Appropriate - and on the same side.	
9859	neutral	9859.jpg	The Return of National Fences -	
9990	neutral	9990.jpg	Press Reporter interviewing Liberal candidate Iqra Khalid.	
10108	neutral	10108.jpg	Paul Martin gave a great speech and fired up the crowd.	
10325	neutral	10325.jpg	IF YOU'RE FROM NEWFOUNDLAND AND LABRADOR	
10372	neutral	10372.jpg	Forgotten by 5sos like	
10542	neutral	10542.jpg	That's Terry Langley &amp; members of protesting mail delivery changes at the Harper rally	
10562	neutral	10562.jpg	Lots to see &amp; do at ??!	
10800	neutral	10800.jpg	Taxi of Tomorrow Arrives in New York City via	
10981	neutral	10981.jpg	Use DXR15 to save $15 on all chairs	
11013	neutral	11013.jpg	Are we really going to call it	
11061	neutral	11061.jpg	Check out JaeRoar and his DXRacer OH/FE08/NO	
11137	neutral	11137.jpg	Steel Earrings Perfect for via	
11216	neutral	11216.jpg	trending in !	
11269	neutral	11269.jpg	and for their	
11282	neutral	11282.jpg	""If the competition was held today, it wouldn't be a smart idea. But we still have time,"" said Dr. Sikora	
11308	neutral	11308.jpg	We are OPEN in our in WestPointe of Windermere today! Stop by and see us @ 5114 Woosley Link.	
11473	neutral	11473.jpg	It's an day in	
11802	neutral	11802.jpg	Maybe if could place their traffic signs right we wouldn't have so many issues	
12089	neutral	12089.jpg	I'm in! Very stoked!	
12143	neutral	12143.jpg	new season to season wreath class with Sept 29 …	
12211	neutral	12211.jpg	was straight out of a Fear the Walking Dead episode 2day. So glad I didn't have to take the Henday!	
12230	neutral	12230.jpg	early to the dinner for	
12330	neutral	12330.jpg	Tnx supporters + at my office opening today	
12413	neutral	12413.jpg	Controversy over a list of 11 ""exiled"" businesses put out by	
12501	neutral	12501.jpg	What 3 teens learned in an 18-month campaign to get Gage Park bike track.	
12561	neutral	12561.jpg	Cloudy Wednesday expected: Daystarter Weather.	
12596	neutral	12596.jpg	20yrs ago stopped issuing proclamations to avoid approving a gay pride week.	
12628	neutral	12628.jpg	BRITT ISLAND in Britt ON Prints at Music	
12799	neutral	12799.jpg	You can find me from Tragina Ave N &amp; CopeSt to Allan Ave &amp; Britannia Ave N in	
12839	neutral	12839.jpg	Can Barton Street become the next hip area of Hamilton?	
12921	neutral	12921.jpg	Beard oil &amp; balm with all natural ingredients made right here in store / online at	
12966	neutral	12966.jpg	The Dundas Blues visit the Paris Mounties tonight at 8:00pm in preseason Jr. C hockey.	
12974	neutral	12974.jpg	1st lesson for new students: What looks like.	
12975	neutral	12975.jpg	Morning all. We are on Instagram now. Give us a follow and we will follow you back if you tweet us your ID.	
13077	neutral	13077.jpg	York Comes Back to Defeat McMaster 3-2 in Men’s Soccer Sunday ?	
13459	neutral	13459.jpg	""You don't worry about those bumps and bruises, that's for sure.""	
13807	neutral	13807.jpg	Lot by Luce Meunier, court. of your at ArtWithHeart.ca	
14145	neutral	14145.jpg	Inception meets Romance -FREE Novel Dream Jumper	
14264	neutral	14264.jpg	DDEAF Magazine dropped! Get a copy	
14337	neutral	14337.jpg	Compilation of predictions on Day 1 of B4 we go on our nature walk/explore this afternoon.	
14492	neutral	14492.jpg	Canvas framed neon props	
14575	neutral	14575.jpg	New for at Downs | Peterborough Examiner	
14660	neutral	14660.jpg	Basket of Fruit by Edouard Manet	
14721	neutral	14721.jpg	Had a great time today! Incredible speakers! ????	
15074	neutral	15074.jpg	Can you recommend anyone for this MI	
15210	neutral	15210.jpg	I have been waiting 22 years to see this!!! for playoff baseball in	
15258	neutral	15258.jpg	AUG 21: Book launch of / | Via	
15316	neutral	15316.jpg	Solid wood made in canada. Check us out showroom - 700 Kipling ave, Ont	
15447	neutral	15447.jpg	Check out my in	
15537	neutral	15537.jpg	Must Try Today's Fresh Fish: ""OCEAN TROUT"", ""AJI"", ""KAMPACHI""	
15654	neutral	15654.jpg	In with We got 4 hours and no plan.	
15754	neutral	15754.jpg	Summer sale ends today! Come in for amazing deals like $700 off of this leather sofa!	
15798	neutral	15798.jpg	FROM TO 21 AUG 2015, 5pm,	
15888	neutral	15888.jpg	Check out my feature on own	
16056	neutral	16056.jpg	now available @ Therapeutic CO2	
16166	neutral	16166.jpg	September 1st: is officially in season!	
16599	neutral	16599.jpg	Houndtooth print is back!	
16856	neutral	16856.jpg	Live in the mix in Toronto, living the dream:)	
17020	neutral	17020.jpg	gettin that whyte girl groove on ..	
17107	neutral	17107.jpg	Our boy returns to tonight. Grad your last minute tickets now!	
17215	neutral	17215.jpg	When says selfie, you selfie. ??	
17442	neutral	17442.jpg	Grocery End I can say this store is for	
18122	neutral	18122.jpg	We are hiring in	
18176	neutral	18176.jpg	See our latest QC and click to apply: WEB/Mobile Solution Architect... -	
18313	neutral	18313.jpg	HARRY WAS WORKING OUT ON THIS ONE YESTERDAY AND YES I KISS IT AND TOUCH IT	
18419	neutral	18419.jpg	Check out the studio show	
18510	neutral	18510.jpg	CSA Com Exec is live tweeting students care! Swing by/follow	
18570	neutral	18570.jpg	Prep is underway BBQ- join us today at Olympic Plaza 11am-free food&amp;music for family	
18964	neutral	18964.jpg	They say it can snow in any month of the year!	
19203	neutral	19203.jpg	Last day to enter our raffle, in-store or online.	
19272	neutral	19272.jpg	What's this layer of blue? That's never been there before.	
19373	neutral	19373.jpg	WildPride tickets are in.Come get yours 920 16 Ave NW	
19497	neutral	19497.jpg	Cabela's in coming to You're invited to the offical opening. Share if you are excited!	
19600	neutral	19600.jpg	Hope you're reminding them of his push for huge carbon tax!	
19911	neutral	19911.jpg	FREEHOLD(no condo fees),renovated, 3bd home w/ SS appliance.Walk to Britannia Beach $224k CALL ME! 6136017607	
20102	neutral	20102.jpg	brings this at	
20137	neutral	20137.jpg	Name That Corner! Nuit Blanche takes over &amp; this Saturday, Sept. 19th	
20168	neutral	20168.jpg	I am looking for a buyer on 9 Fairpark Dr	
20181	neutral	20181.jpg	Investor State Arbitration between Developed Democracies. Sept 25 RSVP:	
20309	neutral	20309.jpg	I CANT BELIEVE ZAYN IS HERE	
20459	neutral	20459.jpg	Gamelan Orchestra at	
20485	neutral	20485.jpg	Check out my listing in	
20626	neutral	20626.jpg	Street Style Star.	
20644	neutral	20644.jpg	PRINT * WEB * DESIGN * LAYOUT * MARKETING * S.E.O. * SOCIAL MEDIA	
20744	neutral	20744.jpg	???? follow me?	
20804	neutral	20804.jpg	Don't mind the way I look.??????	
20963	neutral	20963.jpg	plz follow I love u so much ??	
21121	neutral	21121.jpg	My mom just sent this to me &amp; I don't know how to feel...	
21125	neutral	21125.jpg	REED PLEASE REFOLLOW ME ????????	
21507	neutral	21507.jpg	Me: I can't hang out	
21700	neutral	21700.jpg	Grey's with Lilly	
21920	neutral	21920.jpg	Gigantic horse is gigantic. I didn't snap a pic of his dick though.	
22178	neutral	22178.jpg	My walk part one	
22254	neutral	22254.jpg	Keep voting ! Get ur on 2; cont ends today!	
22283	neutral	22283.jpg	Ah, Reader photo — Fishing boats in early morning fog.	
22290	neutral	22290.jpg	The Guild is extremely busy &amp; looking for Automotive Fabricators, experience required	
22362	neutral	22362.jpg	Me either Henry, can't believe Barlow does the service	
22370	neutral	22370.jpg	Eat this now or look at Choices.	
22437	neutral	22437.jpg	on the cover of Electronic Sound Magazine	
22655	neutral	22655.jpg	Only the best thing to ever come on Pandora??	
2775	positive	2775.jpg	a real pleasure to see today @	
2905	positive	2905.jpg	Honoured to put up a sign at the farm of Gord Miller, a stalwart of public service in	
3195	positive	3195.jpg	Progressive Canadian Party on Bank of Canada Infrastructure funding.	
3286	positive	3286.jpg	My Liberal candidate great bio piece	
3551	positive	3551.jpg	Joined last night in promoting the need to in Mi'kmaq and other First Nation communities.	
3761	positive	3761.jpg	Want to work at Landstar? We're in BC! Click for details:	
3848	positive	3848.jpg	Can you recommend anyone for this NY	
3862	positive	3862.jpg	Hello invites you to exhibit in our	
4063	positive	4063.jpg	Physical Therapist... - Supplemental Health Care: MI)	
4736	positive	4736.jpg	I'm looking so fabulous cuz I'm at with &amp;	
4741	positive	4741.jpg	We recommend starting the day with a photo shoot with at at	
4951	positive	4951.jpg	planning...to the sounds of	
4985	positive	4985.jpg	Thanks for having us!	
5012	positive	5012.jpg	pilots at event at	
5156	positive	5156.jpg	Hey guys I just won	
5217	positive	5217.jpg	Honored to spend my final meal at with at his favorite haunt.	
5393	positive	5393.jpg	Let's go Blue Jays!	
5435	positive	5435.jpg	Ur pano goals ????	
5587	positive	5587.jpg	boom win another one ""the price is right""	
5592	positive	5592.jpg	Blue Jays are unstoppable.	
5618	positive	5618.jpg	Cheers to all fans who made bronx feel like home with so many	
5722	positive	5722.jpg	This is apparently a sellout.	
5812	positive	5812.jpg	We Love BJs ??????	
6096	positive	6096.jpg	Interested in a near NY? This could be a great fit:	
6181	positive	6181.jpg	ICYMI: hits AGAIN! Details in news powered by	
6251	positive	6251.jpg	Hey Check it out! Some Ivan Daigle Swag!	
6392	positive	6392.jpg	I just want to DJ my life away	
6622	positive	6622.jpg	Why Inspiring, artistic, expressive to keep the soul fueled your life!	
6669	positive	6669.jpg	got me like...DANCE PARTAY!	
6748	positive	6748.jpg	In 7 days kicks off Artists, fans will fill the streets 2	
6864	positive	6864.jpg	DON'T GIVE UP !!! DMD CAN HAVE 9M	
6973	positive	6973.jpg	Want hot music downloads on	
7045	positive	7045.jpg	Wow Zayn looked great in the video ????	
7215	positive	7215.jpg	Want hot music downloads on	
7234	positive	7234.jpg	Yo! MTP:69 celebrates with “Summer Daze” by	
7482	positive	7482.jpg	so enjoyed your show tonight!I'll be sure to watch your ""Star"" rise!	
7546	positive	7546.jpg	Need a Sign? Then you Need Sign Magic!!	
7686	positive	7686.jpg	my old pup Shelby. &lt;3	
7738	positive	7738.jpg	Leaving for college like.... ??????	
7770	positive	7770.jpg	Happy Celebrating with photo of the family farm dog @	
7855	positive	7855.jpg	Tala, the very best dog there ever was or will be. Because it's	
7967	positive	7967.jpg	Happy to my best friends:)????	
8195	positive	8195.jpg	My pup Amy!	
8264	positive	8264.jpg	Dogs and Vikings, match made in heaven!	
8294	positive	8294.jpg	isn't he a cutie ????	
8392	positive	8392.jpg	If u know me you know I love my dog	
8439	positive	8439.jpg	Happy to my baeee/son ?	
8529	positive	8529.jpg	?? keep voting ??	
8926	positive	8926.jpg	We're almost 1m ahead	
9138	positive	9138.jpg	This pleases me a lot	
9581	positive	9581.jpg	When you don't know if you want to be calum or rj	
9589	positive	9589.jpg	Luke from last night	
10321	positive	10321.jpg	Girls day with my favourite girl	
10484	positive	10484.jpg	Oh, hi Can't wait to see the premiere tn on	
10802	positive	10802.jpg	Keeping killer company at Thanks	
11039	positive	11039.jpg	Hanging out at with the Porsche.	
11043	positive	11043.jpg	Oh...right. I can't drive.	
11044	positive	11044.jpg	What CHOOO doin?	
11095	positive	11095.jpg	Nice here in	
11124	positive	11124.jpg	We wish everyone a safe &amp; relaxing LONG weekend. What do you have planned? Enjoy the weather.	
11138	positive	11138.jpg	I'm pretty sure it's the only car in with wrapped mirrors. Available from	
11144	positive	11144.jpg	delegate from is Eva Grant! Learn more about her on our website:	
11166	positive	11166.jpg	Vancouver is a very photogenic city.	
11267	positive	11267.jpg	Safety - it's simple infrastructure.	
11529	positive	11529.jpg	So proud of my nephew, a new mural revealed today at David Sherpard MLA office	
11929	positive	11929.jpg	heck yeah, new coffee (&amp; beer) space coming at you soft opening at Bru Coffee + Beer	
12028	positive	12028.jpg	Tomorrow's forecast: fourth year celebration with a side of	
12075	positive	12075.jpg	Perfect for schools lunches	
12174	positive	12174.jpg	Glad to be with for meet with grateful Iraqi + Syrian refugees in today. Nice folks.	
12758	positive	12758.jpg	Be the first to get these 4 new greeting cards! $13 Shipping included!	
12760	positive	12760.jpg	many still braved the rain tonight for ! in	
12801	positive	12801.jpg	""Time to change""	
12889	positive	12889.jpg	Today's Special! Extra Delicious Slider Trio!	
13136	positive	13136.jpg	Woah mama! One of today's delicious features! ""Honky Tonk Blues"" - hurry in before this bad boy sells out!	
13246	positive	13246.jpg	it is ok to need help and structure - Marshall Goldsmith	
13282	positive	13282.jpg	Mr. Carson and Mrs. Hughes	
13450	positive	13450.jpg	Testing a citrus mint blend for Christmas....smells divine!	
13650	positive	13650.jpg	Our second house in NJ	
14061	positive	14061.jpg	Shake it off	
14282	positive	14282.jpg	put boots on the street to challenge existing biz to grow.	
14286	positive	14286.jpg	Enjoying some dancing at intercultural festival	
14344	positive	14344.jpg	Vibrant on canvas.	
14394	positive	14394.jpg	Join the Panera Bread team! See our latest opening here:	
14802	positive	14802.jpg	Thank you for the hot coffee at tonight's Light Show	
14853	positive	14853.jpg	Amazing World Pictures ""Roman Radiance"" by Elia Locardi	
15007	positive	15007.jpg	It's a 90's party all the time here on Energy 103.5! -Amanda	
15043	positive	15043.jpg	Even in the rain it was a great victory over those horsemen, Go-Esks-Go	
15088	positive	15088.jpg	This might be a great fit for you: Industrial Engineer (2015) -	
15211	positive	15211.jpg	Roughly 100 guests + 48 hours = 1 Guinness World Record!!!	
15295	positive	15295.jpg	How Crown Realty Has Breathed New Life Into 400 University	
15300	positive	15300.jpg	Gosh it's a beautiful day in today. ????	
15497	positive	15497.jpg	Reports: will host in 2016 and in 2017.	
15506	positive	15506.jpg	We put smiles on our guest's face at Pvpsports	
15577	positive	15577.jpg	In case you don't know where you are.	
15705	positive	15705.jpg	Amazing brunch at one of our favorite places while visiting	
15792	positive	15792.jpg	Already booked my trip for this tho ... ... gonna be CRAZY!	
16021	positive	16021.jpg	With a recent update to our website is the best place to go for in	
16030	positive	16030.jpg	Beautiful olive wood boards and bowls at Olive Oil Emporium 1707 Bayview Ave	
16078	positive	16078.jpg	Tweet this to your	
16106	positive	16106.jpg	Peeking through lanterns	
16280	positive	16280.jpg	Tons of here! Come park your bike with we are and Dundas	
16285	positive	16285.jpg	Andre De Grass wow Go Canada Go. Celebrate with	
16419	positive	16419.jpg	Getting motivated and fired up	
16564	positive	16564.jpg	A 3-5 win against the Detroit Tigers, woohoo!!	
16585	positive	16585.jpg	We're not all as fortunate	
16627	positive	16627.jpg	Day trip to NYC, anyone?	
16788	positive	16788.jpg	Roughly 100 guests + 48 hours = 1 Guinness World Record!!	
16880	positive	16880.jpg	Late summer is a great time to spot in like this Eastern Garter snake	
16938	positive	16938.jpg	Cool off in the heat! Iced lattes,mochas or pitcher of sangria, a Future's favourite!	
17064	positive	17064.jpg	A stroll along English Bay this evening	
17272	positive	17272.jpg	West End Vancouver BC Delicious Dinner Delivery, Take-out and Dine-in	
17392	positive	17392.jpg	Look who got out golfing in while visiting in last month. Martin	
17518	positive	17518.jpg	John's Pizza Point Grey Excellent	
17566	positive	17566.jpg	Investing in the hot market is easy with - Ask Us How!	
17726	positive	17726.jpg	Love the on a rainy day. Thanks always such friendly welcoming service ????	
17752	positive	17752.jpg	Volunteering with the City of Vancouver ESS Program. Drop by and say hi!	
17829	positive	17829.jpg	Nice to be in Edmonton for the blues fest!	
17930	positive	17930.jpg	My man and I at Best date night EVER!!!!	
17937	positive	17937.jpg	&amp; a Californian smoothie. A taste from 5 different cultures at YUM! 1	
18039	positive	18039.jpg	See our latest QC and click to apply: QA Analyst ? Global Delivery... -	
18209	positive	18209.jpg	Wait State - Station Metro Jean-Talon	
18237	positive	18237.jpg	airbrush art work made by :	
18260	positive	18260.jpg	I'm falling in love with your city Montreal ????????	
18270	positive	18270.jpg	brunch with a view of	
18324	positive	18324.jpg	??????honestly no words can describe how happy I am!!!!	
18467	positive	18467.jpg	And from my little hands today? Red Wine Truffles	
18830	positive	18830.jpg	Calgary and cleaning up Shaganappi Park	
18861	positive	18861.jpg	in Pride parade, Happy Pride!	
18910	positive	18910.jpg	Enjoying a 11Ave The place looks awesome after the renovations! Come check it out!	
19329	positive	19329.jpg	Today's gorgeous dog walk at the Botanical Gardens of Silver Springs.	
19340	positive	19340.jpg	It's like a scene from The Birds out there with all the Franklin's Gulls flying about. Next stop South America!	
19436	positive	19436.jpg	Our Fall Tasting Schedule is now on sale &amp; tickets are flying!	
19499	positive	19499.jpg	The world's best animated shorts come to Tix available	
19586	positive	19586.jpg	A nice before &amp; after - it's amazing what a little clean up and new shrubs will do!	
19655	positive	19655.jpg	Great to see our buddy and to enjoy some with at the	
19933	positive	19933.jpg	Show your !!!!	
19935	positive	19935.jpg	Thx 2 all returning venders participating...Italian Harvest Wine &amp; Food show Sept 27th,	
19997	positive	19997.jpg	Say hi to the bear here at at Huntley Community Centre!	
20050	positive	20050.jpg	Bring your kids for back to school haircuts	
20054	positive	20054.jpg	Coolest crossing inspired, I guess.	
20154	positive	20154.jpg	BMO at Ottawa U today with Telfer school of Mngmnt	
20264	positive	20264.jpg	1 minute! Ahhh!!! Nervous and super excited!!	
20513	positive	20513.jpg	W/ the fun bunch ... did ya have to!???	
20547	positive	20547.jpg	Best Labor Day ever! Nothing like family, friends and a cool pool. Hope you all enjoyed too!	
20791	positive	20791.jpg	so much love from canada??	
21175	positive	21175.jpg	This is how I ace my burger!	
21278	positive	21278.jpg	Wrapped the project with 1 of my favorite partners couldn't have asked for a better team to work with	
21394	positive	21394.jpg	I could not retweet but all credit goes to	
21551	positive	21551.jpg	Launching a new store? 5 Tips to Drive Success	
21561	positive	21561.jpg	and all the young men on the cheektowaga 18u team, great job!!	
21723	positive	21723.jpg	Me and bae are watching Harry Potter	
22187	positive	22187.jpg	It doesn't matter where you start, it matters where you finish.	
22452	positive	22452.jpg	thx for taking me to get cheap slushies ????????	
22566	positive	22566.jpg	Be there Saturday night, when will for sure come up for another selfie!	
22608	positive	22608.jpg	A very happy birthday goes out to my little nugget of a brother,	
22688	positive	22688.jpg	Yes!! (@ Delaware Delicacies Smoke House)	
22697	positive	22697.jpg	Angelo Mosca night. Go Cats.	
22821	positive	22821.jpg	Just made the best smoothie in the world!!!!!!	
22834	positive	22834.jpg	don't know what that mean maybe a movie date and blunt then comes affection ??	
