index	#1 Label	#2 ImageID	#3 String	#3 String
2590	negative	2590.jpg	makes another pointless promise &amp; new nothing	
2618	negative	2618.jpg	This wee guy didn't pee on my porch. AFAIK.	
2662	negative	2662.jpg	Timely Art Exhibition in Ottawa this October: … … … … …	
2908	negative	2908.jpg	If abortion is a settled issue in than why people get upset with images of abortion?	
2913	negative	2913.jpg	Joe Oliver Discovered Rotting in a prison of his own making	
3025	negative	3025.jpg	5 things to watch for in Cdn. business this wk, including lots of stats &amp; debate	
3039	negative	3039.jpg	Natpo says harper has a sense of humor. Yeah, so what?	
3081	negative	3081.jpg	Blue parrot made G&amp;M ed. cartoon w/right wing wizard of Oz.	
3107	negative	3107.jpg	Who says Harper isn't creating jobs!	
3117	negative	3117.jpg	Did a PMO lackey tamper with Woodcock's evidence at ?	
3157	negative	3157.jpg	Is trending yet? Just asking.	
3164	negative	3164.jpg	What kind of parent would allow their children to be used like this? The lack of interest is incredible.	
3192	negative	3192.jpg	Shameless campaigning by Chris Alexander on CBCNN interviews today. No integrity, no heart... no answers	
3296	negative	3296.jpg	If abortion is a settled issue in than why people get upset with images of abortion?	
3355	negative	3355.jpg	Found bunch candidates well-fed on horseshit &amp; kept in the dark. Heard yours speak in ?	
3426	negative	3426.jpg	12 issues that will dominate |	
3499	negative	3499.jpg	The ballot box question is simple. do we want more of this hypocritical leadership. has to go	
3559	negative	3559.jpg	Excuse me but ...	
3620	negative	3620.jpg	A Warning To The West: A Voice From Egypt | Should read this Happening here	
3653	negative	3653.jpg	Stephen Harpers response to Syrian crisis is we need more bombs.I'd say they've probably had enough	
3754	negative	3754.jpg	Canadian Media Guild registers as a third party in	
3988	negative	3988.jpg	didnt have a working iphone for 1st unveil demo but is so good at	
5112	negative	5112.jpg	WINTER ON FIRE: UKRAINE'S FIGHT FOR FREEDOM director in a shirt at his premiere.	
5126	negative	5126.jpg	""Please do not walk down the escalator.""	
5624	negative	5624.jpg	Nice NY loses good job TB	
5969	negative	5969.jpg	Gone to watch the Jays and guess who flew up here from the Rock?	
6178	negative	6178.jpg	is she crazy?	
6230	negative	6230.jpg	Want hot music downloads on	
6369	negative	6369.jpg	Want hot music downloads on	
6723	negative	6723.jpg	Want hot music downloads on	
6730	negative	6730.jpg	""Lady"" Just sharing LOVE an A from my to you.	
7289	negative	7289.jpg	""Lady"" Just sharing LOVE an A from my to you.	
7539	negative	7539.jpg	The key to victory? find out what folks want and give it to them	
7565	negative	7565.jpg	As seen in the West Island...	
7611	negative	7611.jpg	Missing my Abby ?	
8028	negative	8028.jpg	They give special love	
8427	negative	8427.jpg	I don't have a dog but I have birds.....????	
8532	negative	8532.jpg	ya 5 es oh es is my favourite band	
8733	negative	8733.jpg	when you just slowly go in for the nut grab..	
8891	negative	8891.jpg	Y R UR LIPS SO BIG AND PLUMP AND FLUFFY	
8973	negative	8973.jpg	Calum is me on the first day of school	
8979	negative	8979.jpg	Michael when he sees your not voting????	
8991	negative	8991.jpg	VOTE FOR SASSY LUKE GUYS COME ON	
8993	negative	8993.jpg	Me because Jet black heart	
8998	negative	8998.jpg	DONT FUCKING STOP	
9108	negative	9108.jpg	guess who's nipples this is?	
9128	negative	9128.jpg	JUST RT!!! STOP WHAT YOU'RE DOING &amp; WHOEVER YOU ARE	
9203	negative	9203.jpg	Is so frickin nice I love them so so so much ??????????????	
9208	negative	9208.jpg	Vote/Retweet for these 3/4 Queens of The New Broken Scene! ????	
9257	negative	9257.jpg	Technically I'm in the band .. a little bit bloody but I made it	
9299	negative	9299.jpg	COME ON FAM WE GOT THIS. DO IT FOR FETUS LUKE	
9449	negative	9449.jpg	Talking to my crush casually about 5sos	
9507	negative	9507.jpg	Let's win this for these losers	
9526	negative	9526.jpg	rt to vote	
9549	negative	9549.jpg	If this doesn't make you vote i don't know what will,	
9649	negative	9649.jpg	IT HAPPENED AGAIN WTF	
9752	negative	9752.jpg	data shows Cdns think struck right tone on surging as choice PM	
9755	negative	9755.jpg	This was my favorite response to unwanted signs. Of course, she deleted the comment quickly.	
9818	negative	9818.jpg	YOUR TIME IS DONE, ENJOY YOUR TIME OUT OF OFFICE, YOU WILL BE RIDICULED EVERYWHERE.	
9821	negative	9821.jpg	Little Stevie Harpers legacy is not a safer prosperous Canada, his legacy 2 recessions, deficits &amp; conflict	
9824	negative	9824.jpg	Gotta to spend more on ads than the food itself to make people eat that shit	
9834	negative	9834.jpg	We're not well served by veil of secrecy protecting banks.	
9836	negative	9836.jpg	Oil barons &amp; Conservatives may ignore climate change. Nature does not.	
9890	negative	9890.jpg	a highly vetted supporter- these idiots vote so shd you !	
9893	negative	9893.jpg	Western Canada burns so double down on &amp;tripling expansion	
9913	negative	9913.jpg	never replanted the trees they said they would &amp; scrubbed the promise to from website	
9922	negative	9922.jpg	One fact: Harper is No. 1 among PMs for lies, propaganda spending and destroying Canada's intl reputation	
9994	negative	9994.jpg	Mulcair talks about defeating Bill C51	
9998	negative	9998.jpg	to pristine lakes are just future garbage dumps	
10048	negative	10048.jpg	the only thing to fear is ITSELF	
10081	negative	10081.jpg	Harper Goverment Refugee Policy	
10105	negative	10105.jpg	We cant afford this continuing into the future	
10237	negative	10237.jpg	If abortion is a settled issue in than why people get upset with images of abortion?	
10309	negative	10309.jpg	LMFAO Dearies! wants to build Wall ... Eh!	
10318	negative	10318.jpg	IF YOU'RE FROM BRITISH COLUMBIA	
10408	negative	10408.jpg	If abortion is a settled issue in than why people get upset with images of abortion?	
10534	negative	10534.jpg	Last nights ??	
10603	negative	10603.jpg	Now Nationwide kidnaps Hailey Dunbar-Blanchette after murdering her dad	
10696	negative	10696.jpg	News for on is missing.	
10865	negative	10865.jpg	Constructing wall would cost billions; keep out hundreds	
10911	negative	10911.jpg	IF YOU'RE FROM QUEBEC	
10936	negative	10936.jpg	RT! SHARE at	
10995	negative	10995.jpg	It's like summer never happened.	
11038	negative	11038.jpg	IF YOU'RE FROM YUKON	
11451	negative	11451.jpg	People stop leaving your dogs in the car! There are 3 crammed in the back of this one.	
12113	negative	12113.jpg	Great deals here in	
12137	negative	12137.jpg	Don't be discouraged by the rain &amp; cold. Everyday is	
12160	negative	12160.jpg	Call us at 780-887-2798 or 780-966-0591 if you see her. Red collar. Lion shave (due to severe matting).	
12212	negative	12212.jpg	What's on the menu this week:	
12357	negative	12357.jpg	Inquest announced into 5 Barton Street jail inmate deaths.	
12540	negative	12540.jpg	Car rolls over to avoid real estate sign on Burlington Skyway.	
12690	negative	12690.jpg	is a tough town. Don't pay taxes? We cut off your water ;)	
12770	negative	12770.jpg	Does anyone know who this kid is? He was witnessed stealing the trailer !!	
13002	negative	13002.jpg	Wanted: Egg-shaped man. For north-end break-in. on the case.	
13123	negative	13123.jpg	Where is the toilet paper....	
13220	negative	13220.jpg	To all those fandoms who tried trending but failed	
13314	negative	13314.jpg	Paul died a lonely death on October 22, 1906 after contracting pneumonia.	
13621	negative	13621.jpg	On to -- Google maps makes it look like I'm escaping the apocalypse.	
13637	negative	13637.jpg	You're listening to LIVE 9a-12p on It's talk radio w/out the crazy!	
13660	negative	13660.jpg	Today at 1:30 I'll be playing back to school sale! &lt;3	
13711	negative	13711.jpg	Not I'm fucking SLEEP.????????????????????	
13834	negative	13834.jpg	Drew this today at work now that's fucking	
13945	negative	13945.jpg	What the fuck is this	
14082	negative	14082.jpg	Fanny Nushka Moreaux	
14275	negative	14275.jpg	Incredible Chantal Poulin Durocher. Please Don't Kill My Friend is my fav piece	
14502	negative	14502.jpg	Can you ask if I got this correct gr8 about him is he forces me back to basics	
14517	negative	14517.jpg	Who wants to grow up and become a pothole artist?!	
14529	negative	14529.jpg	Second single released from, Portable Pulpit- ---&gt; Click	
15336	negative	15336.jpg	Ashbridges Bay Skate Park Canada Flow Some fun :)	
15632	negative	15632.jpg	At the for show.	
16712	negative	16712.jpg	midfielder Collen Warner banned for 2 games and fined for hacking down Montreal's Dominic Oduro.	
17035	negative	17035.jpg	See development from in	
17161	negative	17161.jpg	12th Ave West and East bound closed - it's obvious why...	
17418	negative	17418.jpg	Tree from protected area came down in lastweek.	
17683	negative	17683.jpg	fire on now at 325 hectares, 20% contained: …	
17690	negative	17690.jpg	Wind storm chaos in this is unreal!	
17887	negative	17887.jpg	A late summer afternoon at is Alberta's capital city	
18291	negative	18291.jpg	Still PCD over	
18413	negative	18413.jpg	HI PADDY ILSHDMSJFM IM DYINGGGGG	
18468	negative	18468.jpg	Anyone know this fucking moron?????? Likes to be a pick and almost cause accidents.	
18537	negative	18537.jpg	""Have you seen these medals? stolen from a Hawkwood home last month. now, that's low.	
18622	negative	18622.jpg	Giant white rabbits have popped up in my park.	
18801	negative	18801.jpg	These CPS Canine Unit Calendar dogs have bite too.	
19011	negative	19011.jpg	More madness ??...	
19075	negative	19075.jpg	Oh Hello! ????	
19212	negative	19212.jpg	Nope all of buses are not here now. One time that the is better than Google.	
19256	negative	19256.jpg	10th St NW NOW OPEN to NB traffic ONLY btwn Memorial &amp; Kensington. SB lanes remain closed.	
19334	negative	19334.jpg	Drinkin' beer and doin' good.	
19669	negative	19669.jpg	Sucks these are only available in the US :(	
19701	negative	19701.jpg	8 Albertans charged in child exploitation bust. Victims as young as six months old. Media avail underway.	
20167	negative	20167.jpg	We would how about you?	
20706	negative	20706.jpg	Don't even worry about it (literally) has you covered	
20756	negative	20756.jpg	When you try your best but you don't succed..(Idk how to write it) :')...	
20846	negative	20846.jpg	not a great selfie?? but	
21161	negative	21161.jpg	If you ever want to see find some sick people just read comments under celebrities post. ??????????	
21198	negative	21198.jpg	from and I :))	
21369	negative	21369.jpg	Stock up on our Sussreserve Riesling. Why? Riesling pairs with everything!	
21569	negative	21569.jpg	I have absolutely no words	
21604	negative	21604.jpg	I think enjoys the new update	
21699	negative	21699.jpg	Woohoo! disrupting the newsroom at deadline time!	
21749	negative	21749.jpg	One of the friendly local Winnipeg racists reveal his on	
21802	negative	21802.jpg	FaceTime to my doggy??	
21845	negative	21845.jpg	im not impressed with this shit	
21884	negative	21884.jpg	???? right don't play	
21937	negative	21937.jpg	***Steven thinking about the life he just left behind with his beloved, Sam. Should he have stayed?...to be continued	
22075	negative	22075.jpg	that fucking bitch already changed it, but I saw it tho	
22088	negative	22088.jpg	Here next to Oh, Hey boo....	
22103	negative	22103.jpg	excuse me what	
22131	negative	22131.jpg	My mom knows I'm pretty dang excited for Chinese ????????	
22232	negative	22232.jpg	he faved it	
22288	negative	22288.jpg	can't stress this enough!!	
22547	negative	22547.jpg	What this fool really thinks.	
22571	negative	22571.jpg	Why is Boo Boo Kitty NOT in the Smithsonian? They have Fonzi's leather jacket.	
22587	negative	22587.jpg	Laughing at Stupidity??????	
22611	negative	22611.jpg	That's the point... It would suck to post this picture:	
22614	negative	22614.jpg	ASI's Bell Site dog burial subject of new publication:	
22658	negative	22658.jpg	when you af, on my schools chalkboard	
22771	negative	22771.jpg	Cum to/at my next live webcam show this Saturday, August 29th at 2pm Pacific / 5pm Eastern. ;-)	
22818	negative	22818.jpg	Just gonna leave this here.	
22829	negative	22829.jpg	This song still slaps ????????	
2528	neutral	2528.jpg	Too good not to share! Brodie, Giorno, Wright, Novack, &amp; now for your political meme pleasure...	
2567	neutral	2567.jpg	announcing plan for improving Canada's Health Care-	
2611	neutral	2611.jpg	Great crowds not sure where it is ..	
2698	neutral	2698.jpg	This is what a packed room looks like. came out for	
2760	neutral	2760.jpg	The Progressive Canadian Party continues PC, Tory, legacy.	
2909	neutral	2909.jpg	Sept 19 - Blood Tribe 5 to 10 pm,	
3016	neutral	3016.jpg	Harper should take his own advice.	
3037	neutral	3037.jpg	I am registered at least! elections.ca	
3423	neutral	3423.jpg	DoU support ICC ProsecuteExtensiveEnvDamage asCriminal actsOf	
3470	neutral	3470.jpg	PC Party: Reinforcing the ""Canadian Advantage"" in PCs for	
3520	neutral	3520.jpg	But say Canada isn't doing enough? Who do they think we are?	
3540	neutral	3540.jpg	PICTURED: Stephen Harper estimates Canadians' level of trust in him.	
3665	neutral	3665.jpg	This zinger re: University-Rosedale vs True?	
3723	neutral	3723.jpg	What kind of force for global peace does the want Canada to be?	
3806	neutral	3806.jpg	Almost Are you ready for Let help your	
3835	neutral	3835.jpg	See our latest NY and click to apply: DOR - Director of... -	
3867	neutral	3867.jpg	Interested in a near MI? This could be a great fit:	
3921	neutral	3921.jpg	Supplemental Health Care: Travel Registered Nurse NY)	
3956	neutral	3956.jpg	If you're a professional in WA, check out this	
4557	neutral	4557.jpg	We're Click to apply: Customer Service Associate - NY	
5017	neutral	5017.jpg	Strong words from David Oyelowo, calling lack of support for female filmmakers a, ""huge travesty in cinema.""	
5255	neutral	5255.jpg	Last Platform film of (@ VISA Screening Room - in Toronto, ON)	
5479	neutral	5479.jpg	Ha. Made me laugh!	
5745	neutral	5745.jpg	At the Jays vs Cleveland game! Hope we kick major ass tonight!	
6006	neutral	6006.jpg	If you're a professional in NY, check out this	
6062	neutral	6062.jpg	RN / Nurse / ED / ER /... - Supplemental Health Care: NY)	
6263	neutral	6263.jpg	Want hot music downloads on	
6416	neutral	6416.jpg	Want hot music downloads on	
6417	neutral	6417.jpg	music server has of	
6463	neutral	6463.jpg	MTP:70 launches with a new track from entitled ""Worlds On Fire""	
6483	neutral	6483.jpg	Want hot music downloads on	
6485	neutral	6485.jpg	Want hot music downloads on	
6550	neutral	6550.jpg	Want hot music downloads on	
6636	neutral	6636.jpg	Want hot music downloads on	
6677	neutral	6677.jpg	wearing an in 1977	
7131	neutral	7131.jpg	Evan McDowell reviews the new Low album ‘Ones and Sixes’	
7214	neutral	7214.jpg	Out now: Widowspeak’s “All Yours”	
7310	neutral	7310.jpg	Want hot music downloads on	
7320	neutral	7320.jpg	UK! Which tracks do you want to hear on the guys' setlist? Tweet us your requests	
7371	neutral	7371.jpg	Want hot music downloads on	
7415	neutral	7415.jpg	Want hot music downloads on	
8541	neutral	8541.jpg	But remember when 5sos faved my tweet but didn't want to follow me ??	
8855	neutral	8855.jpg	did you say pizza??	
8968	neutral	8968.jpg	WE NEED A BIGGER GAP let work together fam	
9061	neutral	9061.jpg	It's 5 here Rt your different time zone	
9092	neutral	9092.jpg	vote for these beebs	
9146	neutral	9146.jpg	Does this count???	
9270	neutral	9270.jpg	is so fucking cute	
9294	neutral	9294.jpg	rt 4 my leg	
9607	neutral	9607.jpg	When your hyperventilating bc of 5SOS	
9644	neutral	9644.jpg	I feel like this would actually happen	
9714	neutral	9714.jpg	Today marks 51 days to elect an government and repeal	
9780	neutral	9780.jpg	I submitted the official Elections Canada paperwork today for Regina-Wascana.	
9805	neutral	9805.jpg	Standing room only at the Rally for Change in This is what change looks like!	
9944	neutral	9944.jpg	A 4-second ad doesn't cut it	
10003	neutral	10003.jpg	Full house for Energy Minister speech to Gas Processing Association Canada's speech.	
10023	neutral	10023.jpg	candidate Elmwood-Transcona at packed Thomas Mulcair Rally in Winnipeg!	
10041	neutral	10041.jpg	Current riding projection from for Spadina—Fort York with NDP at 87%	
10148	neutral	10148.jpg	Salvia prohibition to come next February: Health Canada	
10168	neutral	10168.jpg	I will vote in 2015 because health care is important!	
10569	neutral	10569.jpg	Hey what's up with the clamato juice? Is there a strong need for a clam/tomato combo?	
10609	neutral	10609.jpg	RT! SHARE at	
10676	neutral	10676.jpg	To-do tomorrow at 7 PM ET: Joining me at Canada Dry's Family Feud Showdown for your chance to WIN!	
10729	neutral	10729.jpg	airbrush almost done made by :	
10737	neutral	10737.jpg	Brand Ambassadors out promoting Metro Day at H&amp;M	
10826	neutral	10826.jpg	pic last night	
10926	neutral	10926.jpg	no colour is finer than another each complements the other _RLangen	
11077	neutral	11077.jpg	How is far behind oh the ?? game compared with other OECD	
11330	neutral	11330.jpg	introducing the screening of TheMaskYouLiveIn co-organized by	
11386	neutral	11386.jpg	Now that's a back drop! We love the thought and design here	
11405	neutral	11405.jpg	Sesame Street might sell the alphabet to HBO for a fee, but at least in it is still free.	
11512	neutral	11512.jpg	Sampling today 4-6. Wai-Iti Wheat Ale and Rhinestone Cowboy Kölsch-style Ale. See you!	
11692	neutral	11692.jpg	Halloween Quiz Night in support of at the ????????????	
11980	neutral	11980.jpg	I saw this on my way to work. What's going down in the	
12003	neutral	12003.jpg	Did you catch yesterday's announcement?! OTF &amp; Jasper Gates now have coolers!	
12098	neutral	12098.jpg	We're out collecting signatures! Residents &amp; small biz opposed to changing 500m law!	
12122	neutral	12122.jpg	has anyone else noticed this trend of using racks as hitching posts and how do we all feel about it?	
12195	neutral	12195.jpg	Trivia: There's est 6-13 thousand types of potatoes. Where are from?	
12197	neutral	12197.jpg	here is proof of our disappearing park photo 1984	
12240	neutral	12240.jpg	The 3 Best Campaigns of 2015 (So Far)	
12407	neutral	12407.jpg	Just 9 days 'til Hope to see you all in	
12517	neutral	12517.jpg	'By no means was he a premeditated target.' coach apologizes for Argos bump.	
12669	neutral	12669.jpg	She said kiss me somewhere dirty....	
12972	neutral	12972.jpg	BC ""synth-folk"" debuts in SEPT 15th INFO HERE &gt;&gt;	
12977	neutral	12977.jpg	hits the stage of Hamilton Place Sept 21st w/special guest	
12989	neutral	12989.jpg	park film shoot.	
13012	neutral	13012.jpg	Join us 6:30p, hike Mac Forest &amp; its Smithsonian Forest Plot at Lower Lion's Club Rd	
13035	neutral	13035.jpg	We are at this wknd! Visit us &amp; check out our avail dates &amp; promos!	
13039	neutral	13039.jpg	Wanted: Egg-shaped man. For north-end break-in. on the case.	
13109	neutral	13109.jpg	Battening down the hatches on the Mountain	
13118	neutral	13118.jpg	A killer beast, a killer drug and the economy: Daystarter Top Stories.	
13302	neutral	13302.jpg	This Saturday we will be with	
13417	neutral	13417.jpg	Desperately seeking who created this purchased in Old	
13534	neutral	13534.jpg	decided to build a deck in the I'm	
13648	neutral	13648.jpg	H Bar's First Art Show | 7pm	
14001	neutral	14001.jpg	Golf For Kids Sake September 17th, who's in!?	
14020	neutral	14020.jpg	Register &amp; join the tonight(9-10pmEST) on RSVP:	
14176	neutral	14176.jpg	Survivors Song Search accepting entries NOW	
14494	neutral	14494.jpg	Gala at now.	
14675	neutral	14675.jpg	J Wingfield, made in USA apparel. discover more at	
14718	neutral	14718.jpg	Watching THE BIG SLEEP because even after 1,000 viewings still don't know who Sean Regan is.:-)	
14776	neutral	14776.jpg	Way to go	
14813	neutral	14813.jpg	Only those who risk going too far, find out how far they are able to go.	
14901	neutral	14901.jpg	Ongoing today at the 1st	
15052	neutral	15052.jpg	My latest piece. Go big and go home.	
15192	neutral	15192.jpg	Decepticons edges out Autobots when you use and	
15209	neutral	15209.jpg	Mistaken identity Yonge-Birch Leaside	
15397	neutral	15397.jpg	The man himself aka at	
15728	neutral	15728.jpg	We'll be at the HERITAGE ANTIQUE MARKET - Monday - LABOUR DAY. 65 Dealers - Yonge &amp; Steeles 10 to 5pm	
15737	neutral	15737.jpg	hey Neil, your seat is waiting for you...	
15744	neutral	15744.jpg	See a virtual tour of my listing on - 22 LEADER LANE	
15828	neutral	15828.jpg	| 2006 Speed6 for Sale $5,990	
15852	neutral	15852.jpg	congrats to Finezza for all your success !! Repost from	
16153	neutral	16153.jpg	Just Announced! 'Resistance’ LP launch Sat Nov 21 at	
16270	neutral	16270.jpg	Gourmet from at	
16408	neutral	16408.jpg	Cake poutine is a winner at the Canadian National Exhibition!	
16593	neutral	16593.jpg	Check out my in	
16824	neutral	16824.jpg	""Public space must be a part of daily life""... … via	
16917	neutral	16917.jpg	Can't wait for this tonight!!! Take me out to the ball game!!! ??????	
17118	neutral	17118.jpg	Stormy Vancouver days = ??	
17169	neutral	17169.jpg	in 33x146' lot Call me for more details! 604-351-4116	
17214	neutral	17214.jpg	The South East view from our Penthouse 2 at	
17234	neutral	17234.jpg	Lia Como from telling jokes and shedding light on Italian generational connections	
17304	neutral	17304.jpg	Sept. 27 only 40 tix left!	
17641	neutral	17641.jpg	24hrs in &amp; more up over	
17665	neutral	17665.jpg	: Band Live : :	
17675	neutral	17675.jpg	Penthouse 2 - Main floor	
18042	neutral	18042.jpg	Don't miss tonight at	
18110	neutral	18110.jpg	Who want be with me to play basketball ?? your in Guys	
18220	neutral	18220.jpg	The event of the year in is coming in only .....	
18269	neutral	18269.jpg	and IVIRTIVIK center of celebrate the 18 Sept with some GREAT Food	
18618	neutral	18618.jpg	Crash on NB Stoney at 17th SE in LHL backs up traffic past Peigan. Then more volume courses thru the NE.	
18633	neutral	18633.jpg	Down at the	
18647	neutral	18647.jpg	2015’s hottest design trends.	
19108	neutral	19108.jpg	We're getting ready for the	
19109	neutral	19109.jpg	Riley Park virtually empty	
19286	neutral	19286.jpg	Bring a donation, acquire free books Sept 26/27th	
19359	neutral	19359.jpg	Less than 48 Hours 2 save on the 2015 Calendar!	
19480	neutral	19480.jpg	to last weeks golf tournament	
19707	neutral	19707.jpg	&amp; have teamed up again on 4 colourways of Old Skool Pro shoes. Available Sat Aug 29	
20110	neutral	20110.jpg	Local Spruce round trestle dining table ??????	
20188	neutral	20188.jpg	Who else is here?	
20203	neutral	20203.jpg	See a virtual tour of my listing on 9 Fairpark Dr	
20291	neutral	20291.jpg	temperatures in were almost exactly the average. This August: 19.97?; 30-year-average: 19.85?	
20311	neutral	20311.jpg	Looking for something to do today? How about some football ...	
20555	neutral	20555.jpg	Strange Aeons tonight!	
20563	neutral	20563.jpg	People looking at the visualization room	
20699	neutral	20699.jpg	Who's nice and dry under the overhang	
20728	neutral	20728.jpg	Howdy cowboy # sprucemeadows	
21054	neutral	21054.jpg	Nexteer Automotive : Hardware in the Loop (HiL) Design... MI)	
21310	neutral	21310.jpg	Working hard or hardly working ??	
21425	neutral	21425.jpg	Remember this - Democrats that stay home elect please get out and vote for change!	
21752	neutral	21752.jpg	You can ""Meet the Candidates"" for Ward 1 by-election tomorrow. RSVP at	
21775	neutral	21775.jpg	Here's what Chris Alexander thinks of the mainstream media via	
21875	neutral	21875.jpg	*Almost* a geophysical shirt...	
21914	neutral	21914.jpg	YOU GUYS LOOK AT HIM OMFG	
21951	neutral	21951.jpg	hey I filled it out. I hope it makes a huge difference. Please follow me I love you so so much	
22220	neutral	22220.jpg	@ miss find me	
22304	neutral	22304.jpg	Check out my in	
22434	neutral	22434.jpg	HMCS ASS Kicker out in	
2783	positive	2783.jpg	MT MP Roxanne James DUMB DUMB DUMB DUMB.	
3533	positive	3533.jpg	In access, opportunity &amp; are top of mind for families	
3816	positive	3816.jpg	We are looking for a delivery agent! -&gt;	
3938	positive	3938.jpg	Interested in a near OH? This could be a great fit:	
4075	positive	4075.jpg	Can you recommend anyone for this NY	
4138	positive	4138.jpg	UniFirst Corporation Outside Sales Representative AB)	
4186	positive	4186.jpg	Join the CGI team! See our latest opening here: QC	
4232	positive	4232.jpg	I lied, this is the most action the has seen all year. Again,	
4251	positive	4251.jpg	Can you recommend anyone for this NY	
4264	positive	4264.jpg	Want to work at Tyco? We're in AB! Click for details:	
4272	positive	4272.jpg	We're Click to apply: Registered Nurse / Travel RN / Operating Room -	
4945	positive	4945.jpg	Closing night already! It's been a wonderful thanks to the lounge	
5075	positive	5075.jpg	Googled Michael Moore. That's me on the left.	
5078	positive	5078.jpg	We're open for you Stop by our lounge at David Pecaut Square (4-10 pm) for free	
5135	positive	5135.jpg	is here &amp; we're live broadcasting from the red carpet. Be apart of the action on 09/11 @ 8:30 pm EST	
5183	positive	5183.jpg	Another night of placecards: James Franco at the head table for tonight's AMBI Gala.	
5352	positive	5352.jpg	Third year anniversary!!! Surprised with tickets!!!!!!!!!!!	
5407	positive	5407.jpg	I think the need to call up this fella....	
5411	positive	5411.jpg	You fans are too nice, look @ all those RTs &amp; ?s! Even RT'd me!!	
5509	positive	5509.jpg	Got to take in a big win last night!	
5560	positive	5560.jpg	If you could bring back a player from years past to play today, who would it be?	
5566	positive	5566.jpg	Watching vs with	
5653	positive	5653.jpg	I rarely see Blue Jays here - usually the Magpies scare them away..is it a sign for us long suffering fans?	
5720	positive	5720.jpg	Alright 3-0 first inning and the hits keep coming	
5797	positive	5797.jpg	Best news: Getting to spend an afternoon at the ballpark with these cats.	
5857	positive	5857.jpg	It was great to meet you today.	
6053	positive	6053.jpg	If you're a professional in AB, check out this	
6102	positive	6102.jpg	What's this? Looks like a nurse rocking her nurse costume &amp; w/ ø doctor around	
6161	positive	6161.jpg	Supplemental Health Care: ICU / RN / Registered Nurse/ Travel... MI)	
6289	positive	6289.jpg	Want hot music downloads on	
6374	positive	6374.jpg	Performance happening now.	
6393	positive	6393.jpg	SO excited to host Volume I tonight at the Backstage Lounge on See ya there!	
6414	positive	6414.jpg	Today, all 36 horses with the RCMP are stabled at the Mt. Pearl Glacier, waiting to strut their stuff.	
6608	positive	6608.jpg	Nice work see video here:	
6993	positive	6993.jpg	Get 78000 SoundCloud Plays - only $5	
7076	positive	7076.jpg	This is THE best poutine I have ever seen! of course!	
7178	positive	7178.jpg	Listening to great music creates an energy inside us like nothing else. The acclaimed	
7522	positive	7522.jpg	I dont kno who is better for but was quite btn	
7616	positive	7616.jpg	Happy to Elsa, my best friend ??	
7668	positive	7668.jpg	go hug a dog	
7882	positive	7882.jpg	here is my little bundle of joy ??	
7906	positive	7906.jpg	....Hooch says ""Go Cats""....This dog takes his football everywhere	
7952	positive	7952.jpg	shout out goes to 's dog, Merle .. Bc my mom would probably eat my pet dog LOL	
7977	positive	7977.jpg	I miss my lil pup, who's apparently a mom now aww	
7995	positive	7995.jpg	It's I work with them everyday but mines my favourite!! Love you Jake!! Now go hug a dog (ask first)	
8144	positive	8144.jpg	Thanks for taking me where I needed to go.	
8177	positive	8177.jpg	My dog Indiana is the best friend a guy could ever have.	
8198	positive	8198.jpg	Happy to my puppy Stella and to all my doggy angels????????	
8214	positive	8214.jpg	""Bet you didn't know, under that live oak, my favorite dog is buried in the yard""	
8255	positive	8255.jpg	""Coco doesn't do much""- adoption agency lady. You do a lot for the people you love there doggy.	
8260	positive	8260.jpg	Another late picture.	
8352	positive	8352.jpg	I'm sweet and sassy all rolled into one pretty pup!	
8509	positive	8509.jpg	Happy these are mine ??	
8516	positive	8516.jpg	How about this for a drool?	
8617	positive	8617.jpg	We are the leaders of the NOT COMING BACKS but were ALRIGHT THO	
8780	positive	8780.jpg	5sos like puppies and puppies are cute	
9174	positive	9174.jpg	19 days until I see all time low live!!!!	
9290	positive	9290.jpg	when you have to sneeze but its not nice to sneeze on people	
9325	positive	9325.jpg	ok me ??	
9958	positive	9958.jpg	Thanks Silvera for allowing me to address the plan for affordable housing with your seniors today!	
10080	positive	10080.jpg	Peggy Nash, our wonderful MP Such great energy in the room!	
10322	positive	10322.jpg	Everyday life_ I use a 'tiny' camera to capture a special one second moment	
10347	positive	10347.jpg	Watch em fly	
10494	positive	10494.jpg	IT is sooo hot today!! Naked monkeys at :)	
10576	positive	10576.jpg	Awesome Handmade Nova Scotia Sock Monkeys!	
10660	positive	10660.jpg	?? is ready to Game 2 here we go!	
10702	positive	10702.jpg	salutes the male models of male models rock!	
11053	positive	11053.jpg	Harmony baler 72 x 40 20 hp 3 phase power clean machine	
11066	positive	11066.jpg	Weather for the game today ??????????????	
11347	positive	11347.jpg	Gonna be lonely with the kids back in school? It's kitty time.	
11352	positive	11352.jpg	We heart this ring from	
11481	positive	11481.jpg	Looking grey on the west end	
11597	positive	11597.jpg	I love coming to work everyday! ??????????	
11874	positive	11874.jpg	speaking about schedule	
11909	positive	11909.jpg	My cat Molly's type of foodTV.	
12069	positive	12069.jpg	We have the NEW Edge CS2 and CTS2 tuners IN STOCK! For Diesel and Gas applications!	
12298	positive	12298.jpg	Just a beauty way to finish the weekend. (@ Highlands Golf Course)	
12309	positive	12309.jpg	what a game. well done rookies 6-3	
12444	positive	12444.jpg	Getting ready for the event tonight at	
12712	positive	12712.jpg	We have stocked up on ColdBrew for the weekend!	
12882	positive	12882.jpg	At the grocery store? Check out these healthy items we love to get at our food bank	
13024	positive	13024.jpg	a good idea for Friday: 8pm - HHK. 9pm - Public Record event at	
13040	positive	13040.jpg	Community Beautification Project Fundraiser Please donate Now!	
13041	positive	13041.jpg	Giving away 5 Pairs of Tickets to the Facebook/Tweet us! First Come First Serve!	
13046	positive	13046.jpg	Jules is ready to serve u	
13067	positive	13067.jpg	Treat Guests to our Winter Corporate Festive Special! Only $29 Per Person! (+tax&amp;grat)	
13183	positive	13183.jpg	Help to save a life! Give blood!	
13214	positive	13214.jpg	Olden Designs studio in my backyard.	
13358	positive	13358.jpg	Let's go Esks	
13385	positive	13385.jpg	Vancouver House and 1550 Alberni: New contributions to our skyline	
13513	positive	13513.jpg	This is a fucking good idea with roommates	
13940	positive	13940.jpg	Great book you're a fantastic writer, better than the first	
13956	positive	13956.jpg	Day 52 of 90 paintings in 90 Days of Stratford	
14444	positive	14444.jpg	TONIGHT 114 W. Chippewa St. 7pm-10pm drink martinis get a free massage	
14483	positive	14483.jpg	Cast-Iron Pipe Bar Cart	
14500	positive	14500.jpg	Before they go shopping, consumers go searching for the best deals saves you money on	
14613	positive	14613.jpg	I put two little pieces of art in the though it seems to have become a book exchange.	
14703	positive	14703.jpg	Love you guys so much! CONGRATS??????	
14704	positive	14704.jpg	Map of the testimonies we've received so far following the in Washington	
14709	positive	14709.jpg	My style, my way!!	
15156	positive	15156.jpg	Nexteer Automotive : Manufacturing IT Manager (2015) MI)	
15389	positive	15389.jpg	All the love.	
15530	positive	15530.jpg	Listening to Dean Graziosi speak at The Power of Success -	
15655	positive	15655.jpg	Grammy Award-winning music powerhouse takes over the Sept 20th.	
15659	positive	15659.jpg	Roughly 100 guests + 48 hours = 1 Guinness World Record!!	
15990	positive	15990.jpg	Thank you I look forward to serving.	
16273	positive	16273.jpg	&amp; The Sensational Space Shifters will be rocking the stage of the Sept 15th.	
16305	positive	16305.jpg	Bruce and I (@ Deer Creek Golf &amp; Banquet Facility in Ajax, ON)	
16387	positive	16387.jpg	Last night at for with	
16390	positive	16390.jpg	New this fall! 8 new banners celebrating 26 years of community programs!	
16565	positive	16565.jpg	tonight 930-1130p 125 Milner Ave 4165008946	
16595	positive	16595.jpg	The fans held up their signs for the fan project!	
16609	positive	16609.jpg	Feel the excitement, oh baby!! opens its gates at 10am.	
16660	positive	16660.jpg	Time for a Save up to $2000 on at Ltd time and quantities.	
16815	positive	16815.jpg	Been told I look like Here I am at my most Franco-est.	
16923	positive	16923.jpg	Part 6 of ""To Toronto, With Love"" is up today! Keep following:	
17049	positive	17049.jpg	Heading to my fabulous for a gr8 swim &amp; workout in the pool...Then back into the trenches	
17142	positive	17142.jpg	Nice cosy place for coffee and snack in Deep Cove. 25 km from (@ Bluhouse)	
17231	positive	17231.jpg	in Seasonal Sales Associate (Brick Specialist)... at LEGO Group	
17342	positive	17342.jpg	Learning about the Inspiration Lab a new space for creative folk to film record &amp; publish	
17379	positive	17379.jpg	Great show last night from	
17510	positive	17510.jpg	Okay, we have a winner. My friend Tracy posted this on Facebook.	
17667	positive	17667.jpg	Love the new salad from named after my beautiful wife. Try her out ;)	
18080	positive	18080.jpg	Play With Kids During Gig ~	
18370	positive	18370.jpg	There R many Street Party's in but not like MonklandStreetFest	
18393	positive	18393.jpg	Coffee break after walking around beautiful	
18480	positive	18480.jpg	second edition gala is coming soon THE place to be	
18614	positive	18614.jpg	It's time 4 in Please show support &amp; vote in the next by-election.	
18663	positive	18663.jpg	Calgary city hall adds metal detector to beef up security.	
18714	positive	18714.jpg	Hey guys! Join me 09/19 for ??????	
18755	positive	18755.jpg	Just found this sweetie near the holiday inn at 16th ave and 19 street NE cc:	
18767	positive	18767.jpg	It's about to blow up	
18933	positive	18933.jpg	Major employment law story deserves renewed media reporting	
19004	positive	19004.jpg	It's a perfect evening at in	
19159	positive	19159.jpg	Bugs are healthier! 12.9 grams of protein per 100 grams of crickets!	
19190	positive	19190.jpg	How beautiful are these statement necklaces ?? this store is the one stop shop for	
19219	positive	19219.jpg	Dig this cool speedometer...	
19771	positive	19771.jpg	Tears of joy now under control.	
19837	positive	19837.jpg	Everybody knows smoking ain't allowed in school!	
19850	positive	19850.jpg	Got a free shower and a nice rainbow on tonight's ride home.	
19914	positive	19914.jpg	WOW - Get this black beauty, well equipped 2015 Jeep Grand Cherokee 4X4 for $32,981!	
19932	positive	19932.jpg	what a lovely summer, same time next year perhaps ? ??	
20346	positive	20346.jpg	Good Morning from	
20427	positive	20427.jpg	kick off the with the national anthem.	
20746	positive	20746.jpg	I love you loads ??	
20847	positive	20847.jpg	You wanted a selfie? Here you go:')	
20868	positive	20868.jpg	i hate my smile ew	
20874	positive	20874.jpg	Nash guess what... Ily ????	
21019	positive	21019.jpg	You've helped me get through the rough times Nash. I love you	
21035	positive	21035.jpg	Hi my name is Maria I was born in Colombia and now live in Canada and I ?? U x46	
21313	positive	21313.jpg	Me, the bride and Paws at the	
21589	positive	21589.jpg	Help me spread the word! New line debuting Sunday 13th please!!!	
21698	positive	21698.jpg	Me featuring Calcifer, boyfriend's cat	
21827	positive	21827.jpg	Running under her own power again! Just needs body panels to be installed now ????	
21850	positive	21850.jpg	Successful riding day	
21858	positive	21858.jpg	Love you Grayson!??	
21909	positive	21909.jpg	For the latest Woodbine Mile news &amp; notes check out our site	
22158	positive	22158.jpg	It's Friday! Best wishes for today and have a great weekend (@ Brampton GO Station)	
22436	positive	22436.jpg	server ABBOTSFORD Lou's Grill service, service, service working	
22632	positive	22632.jpg	Thanks &amp; Welcome to	
